areaCode,areaName,areaType,date,covidOccupiedMVBeds,cumAdmissions,hospitalCases,newAdmissions
E40000007,East of England,nhsRegion,2023-12-08,,112208,326,23
E40000007,East of England,nhsRegion,2023-12-07,,112185,323,34
E40000007,East of England,nhsRegion,2023-12-06,,112151,315,51
E40000007,East of England,nhsRegion,2023-12-05,,112100,312,53
E40000007,East of England,nhsRegion,2023-12-04,,112047,286,61
E40000007,East of England,nhsRegion,2023-12-03,,111986,271,36
E40000007,East of England,nhsRegion,2023-12-02,,111950,302,30
E40000007,East of England,nhsRegion,2023-12-01,,111920,316,28
E40000007,East of England,nhsRegion,2023-11-30,,111892,309,36
E40000007,East of England,nhsRegion,2023-11-29,,111856,320,36
E40000007,East of England,nhsRegion,2023-11-28,,111820,309,46
E40000007,East of England,nhsRegion,2023-11-27,,111774,289,49
E40000007,East of England,nhsRegion,2023-11-26,,111725,262,61
E40000007,East of England,nhsRegion,2023-11-25,,111664,253,37
E40000007,East of England,nhsRegion,2023-11-24,,111627,256,18
E40000007,East of England,nhsRegion,2023-11-23,,111609,268,39
E40000007,East of England,nhsRegion,2023-11-22,,111570,275,36
E40000007,East of England,nhsRegion,2023-11-21,,111534,265,35
E40000007,East of England,nhsRegion,2023-11-20,,111499,276,31
E40000007,East of England,nhsRegion,2023-11-19,,111468,277,41
E40000007,East of England,nhsRegion,2023-11-18,,111427,280,27
E40000007,East of England,nhsRegion,2023-11-17,,111400,283,24
E40000007,East of England,nhsRegion,2023-11-16,,111376,275,40
E40000007,East of England,nhsRegion,2023-11-15,,111336,255,38
E40000007,East of England,nhsRegion,2023-11-14,,111298,269,42
E40000007,East of England,nhsRegion,2023-11-13,,111256,292,39
E40000007,East of England,nhsRegion,2023-11-12,,111217,281,28
E40000007,East of England,nhsRegion,2023-11-11,,111189,299,38
E40000007,East of England,nhsRegion,2023-11-10,,111151,291,23
E40000007,East of England,nhsRegion,2023-11-09,,111128,279,51
E40000007,East of England,nhsRegion,2023-11-08,,111077,296,54
E40000007,East of England,nhsRegion,2023-11-07,,111023,301,40
E40000007,East of England,nhsRegion,2023-11-06,,110983,326,52
E40000007,East of England,nhsRegion,2023-11-05,,110931,319,40
E40000007,East of England,nhsRegion,2023-11-04,,110891,324,45
E40000007,East of England,nhsRegion,2023-11-03,,110846,318,35
E40000007,East of England,nhsRegion,2023-11-02,,110811,329,45
E40000007,East of England,nhsRegion,2023-11-01,,110766,342,47
E40000007,East of England,nhsRegion,2023-10-31,,110719,345,43
E40000007,East of England,nhsRegion,2023-10-30,,110676,368,39
E40000007,East of England,nhsRegion,2023-10-29,,110637,362,29
E40000007,East of England,nhsRegion,2023-10-28,,110608,372,56
E40000007,East of England,nhsRegion,2023-10-27,,110552,380,22
E40000007,East of England,nhsRegion,2023-10-26,,110530,417,48
E40000007,East of England,nhsRegion,2023-10-25,,110482,413,53
E40000007,East of England,nhsRegion,2023-10-24,,110429,405,76
E40000007,East of England,nhsRegion,2023-10-23,,110353,352,59
E40000007,East of England,nhsRegion,2023-10-22,,110294,331,45
E40000007,East of England,nhsRegion,2023-10-21,,110249,343,36
E40000007,East of England,nhsRegion,2023-10-20,,110213,347,40
E40000007,East of England,nhsRegion,2023-10-19,,110173,417,52
E40000007,East of England,nhsRegion,2023-10-18,,110121,414,53
E40000007,East of England,nhsRegion,2023-10-17,,110068,407,48
E40000007,East of England,nhsRegion,2023-10-16,,110020,382,54
E40000007,East of England,nhsRegion,2023-10-15,,109966,358,55
E40000007,East of England,nhsRegion,2023-10-14,,109911,407,54
E40000007,East of England,nhsRegion,2023-10-13,,109857,430,34
E40000007,East of England,nhsRegion,2023-10-12,,109823,453,46
E40000007,East of England,nhsRegion,2023-10-11,,109777,449,67
E40000007,East of England,nhsRegion,2023-10-10,,109710,451,72
E40000007,East of England,nhsRegion,2023-10-09,,109638,470,78
E40000007,East of England,nhsRegion,2023-10-08,,109560,450,66
E40000007,East of England,nhsRegion,2023-10-07,,109494,412,65
E40000007,East of England,nhsRegion,2023-10-06,,109429,416,52
E40000007,East of England,nhsRegion,2023-10-05,,109377,410,58
E40000007,East of England,nhsRegion,2023-10-04,,109319,384,75
E40000007,East of England,nhsRegion,2023-10-03,,109244,373,83
E40000007,East of England,nhsRegion,2023-10-02,,109161,369,69
E40000007,East of England,nhsRegion,2023-10-01,,109092,352,69
E40000007,East of England,nhsRegion,2023-09-30,,109023,344,52
E40000007,East of England,nhsRegion,2023-09-29,,108971,329,54
E40000007,East of England,nhsRegion,2023-09-28,,108917,309,62
E40000007,East of England,nhsRegion,2023-09-27,,108855,309,62
E40000007,East of England,nhsRegion,2023-09-26,,108793,303,55
E40000007,East of England,nhsRegion,2023-09-25,,108738,293,51
E40000007,East of England,nhsRegion,2023-09-24,,108687,265,47
E40000007,East of England,nhsRegion,2023-09-23,,108640,255,64
E40000007,East of England,nhsRegion,2023-09-22,,108576,238,46
E40000007,East of England,nhsRegion,2023-09-21,,108530,247,52
E40000007,East of England,nhsRegion,2023-09-20,,108478,257,42
E40000007,East of England,nhsRegion,2023-09-19,,108436,279,39
E40000007,East of England,nhsRegion,2023-09-18,,108397,283,42
E40000007,East of England,nhsRegion,2023-09-17,,108355,285,45
E40000007,East of England,nhsRegion,2023-09-16,,108310,289,36
E40000007,East of England,nhsRegion,2023-09-15,,108274,294,45
E40000007,East of England,nhsRegion,2023-09-14,,108229,313,38
E40000007,East of England,nhsRegion,2023-09-13,,108191,322,58
E40000007,East of England,nhsRegion,2023-09-12,,108133,332,47
E40000007,East of England,nhsRegion,2023-09-11,,108086,357,51
E40000007,East of England,nhsRegion,2023-09-10,,108035,365,36
E40000007,East of England,nhsRegion,2023-09-09,,107999,358,36
E40000007,East of England,nhsRegion,2023-09-08,,107963,341,40
E40000007,East of England,nhsRegion,2023-09-07,,107923,288,61
E40000007,East of England,nhsRegion,2023-09-06,,107862,254,61
E40000007,East of England,nhsRegion,2023-09-05,,107801,270,69
E40000007,East of England,nhsRegion,2023-09-04,,107732,289,62
E40000007,East of England,nhsRegion,2023-09-03,,107670,274,72
E40000007,East of England,nhsRegion,2023-09-02,,107598,264,36
E40000007,East of England,nhsRegion,2023-09-01,,107562,263,32
E40000007,East of England,nhsRegion,2023-08-31,,107530,239,31
E40000007,East of England,nhsRegion,2023-08-30,,107499,236,33
E40000007,East of England,nhsRegion,2023-08-29,,107466,218,42
E40000007,East of England,nhsRegion,2023-08-28,,107424,224,32
E40000007,East of England,nhsRegion,2023-08-27,,107392,233,24
E40000007,East of England,nhsRegion,2023-08-26,,107368,229,22
E40000007,East of England,nhsRegion,2023-08-25,,107346,241,21
E40000007,East of England,nhsRegion,2023-08-24,,107325,237,31
E40000007,East of England,nhsRegion,2023-08-23,,107294,231,36
E40000007,East of England,nhsRegion,2023-08-22,,107258,233,42
E40000007,East of England,nhsRegion,2023-08-21,,107216,239,31
E40000007,East of England,nhsRegion,2023-08-20,,107185,228,33
E40000007,East of England,nhsRegion,2023-08-19,,107152,213,31
E40000007,East of England,nhsRegion,2023-08-18,,107121,227,34
E40000007,East of England,nhsRegion,2023-08-17,,107087,221,33
E40000007,East of England,nhsRegion,2023-08-16,,107054,226,43
E40000007,East of England,nhsRegion,2023-08-15,,107011,221,32
E40000007,East of England,nhsRegion,2023-08-14,,106979,225,39
E40000007,East of England,nhsRegion,2023-08-13,,106940,216,38
E40000007,East of England,nhsRegion,2023-08-12,,106902,204,29
E40000007,East of England,nhsRegion,2023-08-11,,106873,213,17
E40000007,East of England,nhsRegion,2023-08-10,,106856,215,20
E40000007,East of England,nhsRegion,2023-08-09,,106836,217,35
E40000007,East of England,nhsRegion,2023-08-08,,106801,205,37
E40000007,East of England,nhsRegion,2023-08-07,,106764,226,37
E40000007,East of England,nhsRegion,2023-08-06,,106727,198,46
E40000007,East of England,nhsRegion,2023-08-05,,106681,200,23
E40000007,East of England,nhsRegion,2023-08-04,,106658,191,27
E40000007,East of England,nhsRegion,2023-08-03,,106631,177,35
E40000007,East of England,nhsRegion,2023-08-02,,106596,187,42
E40000007,East of England,nhsRegion,2023-08-01,,106554,166,18
E40000007,East of England,nhsRegion,2023-07-31,,106536,158,35
E40000007,East of England,nhsRegion,2023-07-30,,106501,148,42
E40000007,East of England,nhsRegion,2023-07-29,,106459,145,14
E40000007,East of England,nhsRegion,2023-07-28,,106445,139,17
E40000007,East of England,nhsRegion,2023-07-27,,106428,130,30
E40000007,East of England,nhsRegion,2023-07-26,,106398,123,21
E40000007,East of England,nhsRegion,2023-07-25,,106377,113,24
E40000007,East of England,nhsRegion,2023-07-24,,106353,113,21
E40000007,East of England,nhsRegion,2023-07-23,,106332,105,16
E40000007,East of England,nhsRegion,2023-07-22,,106316,103,19
E40000007,East of England,nhsRegion,2023-07-21,,106297,95,8
E40000007,East of England,nhsRegion,2023-07-20,,106289,92,17
E40000007,East of England,nhsRegion,2023-07-19,,106272,107,15
E40000007,East of England,nhsRegion,2023-07-18,,106257,114,12
E40000007,East of England,nhsRegion,2023-07-17,,106245,117,14
E40000007,East of England,nhsRegion,2023-07-16,,106231,112,10
E40000007,East of England,nhsRegion,2023-07-15,,106221,109,11
E40000007,East of England,nhsRegion,2023-07-14,,106210,105,7
E40000007,East of England,nhsRegion,2023-07-13,,106203,109,8
E40000007,East of England,nhsRegion,2023-07-12,,106195,103,26
E40000007,East of England,nhsRegion,2023-07-11,,106169,94,24
E40000007,East of England,nhsRegion,2023-07-10,,106145,100,22
E40000007,East of England,nhsRegion,2023-07-09,,106123,98,12
E40000007,East of England,nhsRegion,2023-07-08,,106111,98,16
E40000007,East of England,nhsRegion,2023-07-07,,106095,97,8
E40000007,East of England,nhsRegion,2023-07-06,,106087,97,13
E40000007,East of England,nhsRegion,2023-07-05,,106074,91,13
E40000007,East of England,nhsRegion,2023-07-04,,106061,96,13
E40000007,East of England,nhsRegion,2023-07-03,,106048,107,11
E40000007,East of England,nhsRegion,2023-07-02,,106037,98,10
E40000007,East of England,nhsRegion,2023-07-01,,106027,100,12
E40000007,East of England,nhsRegion,2023-06-30,,106015,101,10
E40000007,East of England,nhsRegion,2023-06-29,,106005,107,13
E40000007,East of England,nhsRegion,2023-06-28,,105992,123,10
E40000007,East of England,nhsRegion,2023-06-27,,105982,124,7
E40000007,East of England,nhsRegion,2023-06-26,,105975,131,17
E40000007,East of England,nhsRegion,2023-06-25,,105958,132,15
E40000007,East of England,nhsRegion,2023-06-24,,105943,128,14
E40000007,East of England,nhsRegion,2023-06-23,,105929,133,9
E40000007,East of England,nhsRegion,2023-06-22,,105920,136,17
E40000007,East of England,nhsRegion,2023-06-21,,105903,141,21
E40000007,East of England,nhsRegion,2023-06-20,,105882,170,15
E40000007,East of England,nhsRegion,2023-06-19,,105867,176,9
E40000007,East of England,nhsRegion,2023-06-18,,105858,172,21
E40000007,East of England,nhsRegion,2023-06-17,,105837,176,22
E40000007,East of England,nhsRegion,2023-06-16,,105815,192,10
E40000007,East of England,nhsRegion,2023-06-15,,105805,195,19
E40000007,East of England,nhsRegion,2023-06-14,,105786,205,30
E40000007,East of England,nhsRegion,2023-06-13,,105756,202,29
E40000007,East of England,nhsRegion,2023-06-12,,105727,211,36
E40000007,East of England,nhsRegion,2023-06-11,,105691,202,37
E40000007,East of England,nhsRegion,2023-06-10,,105654,185,26
E40000007,East of England,nhsRegion,2023-06-09,,105628,192,22
E40000007,East of England,nhsRegion,2023-06-08,,105606,191,37
E40000007,East of England,nhsRegion,2023-06-07,,105569,220,33
E40000007,East of England,nhsRegion,2023-06-06,,105536,215,31
E40000007,East of England,nhsRegion,2023-06-05,,105505,226,44
E40000007,East of England,nhsRegion,2023-06-04,,105461,261,26
E40000007,East of England,nhsRegion,2023-06-03,,105435,258,18
E40000007,East of England,nhsRegion,2023-06-02,,105417,309,34
E40000007,East of England,nhsRegion,2023-06-01,,105383,269,38
E40000007,East of England,nhsRegion,2023-05-31,5,105345,262,40
E40000007,East of England,nhsRegion,2023-05-30,3,105305,252,40
E40000007,East of England,nhsRegion,2023-05-29,4,105265,258,51
E40000007,East of England,nhsRegion,2023-05-28,6,105214,261,32
E40000007,East of England,nhsRegion,2023-05-27,8,105182,263,27
E40000007,East of England,nhsRegion,2023-05-26,7,105155,272,32
E40000007,East of England,nhsRegion,2023-05-25,6,105123,286,35
E40000007,East of England,nhsRegion,2023-05-24,7,105088,318,44
E40000007,East of England,nhsRegion,2023-05-23,7,105044,313,43
E40000007,East of England,nhsRegion,2023-05-22,9,105001,335,60
E40000007,East of England,nhsRegion,2023-05-21,7,104941,337,41
E40000007,East of England,nhsRegion,2023-05-20,7,104900,347,35
E40000007,East of England,nhsRegion,2023-05-19,7,104865,366,37
E40000007,East of England,nhsRegion,2023-05-18,10,104828,367,35
E40000007,East of England,nhsRegion,2023-05-17,8,104793,393,54
E40000007,East of England,nhsRegion,2023-05-16,5,104739,371,50
E40000007,East of England,nhsRegion,2023-05-15,6,104689,352,59
E40000007,East of England,nhsRegion,2023-05-14,7,104630,354,49
E40000007,East of England,nhsRegion,2023-05-13,9,104581,370,37
E40000007,East of England,nhsRegion,2023-05-12,10,104544,363,31
E40000007,East of England,nhsRegion,2023-05-11,10,104513,358,45
E40000007,East of England,nhsRegion,2023-05-10,10,104468,377,56
E40000007,East of England,nhsRegion,2023-05-09,9,104412,375,63
E40000007,East of England,nhsRegion,2023-05-08,5,104349,369,53
E40000007,East of England,nhsRegion,2023-05-07,6,104296,361,39
E40000007,East of England,nhsRegion,2023-05-06,7,104257,351,51
E40000007,East of England,nhsRegion,2023-05-05,2,104206,376,54
E40000007,East of England,nhsRegion,2023-05-04,4,104152,363,41
E40000007,East of England,nhsRegion,2023-05-03,5,104111,370,46
E40000007,East of England,nhsRegion,2023-05-02,5,104065,380,43
E40000007,East of England,nhsRegion,2023-05-01,6,104022,364,66
E40000007,East of England,nhsRegion,2023-04-30,5,103956,372,39
E40000007,East of England,nhsRegion,2023-04-29,7,103917,368,43
E40000007,East of England,nhsRegion,2023-04-28,6,103874,373,39
E40000007,East of England,nhsRegion,2023-04-27,6,103835,412,47
E40000007,East of England,nhsRegion,2023-04-26,6,103788,449,41
E40000007,East of England,nhsRegion,2023-04-25,6,103747,464,31
E40000007,East of England,nhsRegion,2023-04-24,6,103716,490,46
E40000007,East of England,nhsRegion,2023-04-23,7,103670,495,55
E40000007,East of England,nhsRegion,2023-04-22,5,103615,489,54
E40000007,East of England,nhsRegion,2023-04-21,6,103561,484,45
E40000007,East of England,nhsRegion,2023-04-20,8,103516,511,52
E40000007,East of England,nhsRegion,2023-04-19,7,103464,505,58
E40000007,East of England,nhsRegion,2023-04-18,7,103406,473,48
E40000007,East of England,nhsRegion,2023-04-17,7,103358,479,97
E40000007,East of England,nhsRegion,2023-04-16,9,103261,469,61
E40000007,East of England,nhsRegion,2023-04-15,8,103200,469,52
E40000007,East of England,nhsRegion,2023-04-14,9,103148,490,51
E40000007,East of England,nhsRegion,2023-04-13,8,103097,550,72
E40000007,East of England,nhsRegion,2023-04-12,11,103025,573,48
E40000007,East of England,nhsRegion,2023-04-11,11,102977,574,74
E40000007,East of England,nhsRegion,2023-04-10,12,102903,549,63
E40000007,East of England,nhsRegion,2023-04-09,12,102840,543,67
E40000007,East of England,nhsRegion,2023-04-08,11,102773,574,44
E40000007,East of England,nhsRegion,2023-04-07,11,102729,585,53
E40000007,East of England,nhsRegion,2023-04-06,10,102676,594,64
E40000007,East of England,nhsRegion,2023-04-05,13,102612,608,78
E40000007,East of England,nhsRegion,2023-04-04,16,102534,681,61
E40000007,East of England,nhsRegion,2023-04-03,15,102473,678,77
E40000007,East of England,nhsRegion,2023-04-02,14,102396,686,66
E40000007,East of England,nhsRegion,2023-04-01,11,102330,680,70
E40000007,East of England,nhsRegion,2023-03-31,13,102260,709,81
E40000007,East of England,nhsRegion,2023-03-30,13,102179,710,94
E40000007,East of England,nhsRegion,2023-03-29,11,102085,743,87
E40000007,East of England,nhsRegion,2023-03-28,11,101998,789,97
E40000007,East of England,nhsRegion,2023-03-27,14,101901,803,84
E40000007,East of England,nhsRegion,2023-03-26,12,101817,781,89
E40000007,East of England,nhsRegion,2023-03-25,11,101728,779,83
E40000007,East of England,nhsRegion,2023-03-24,12,101645,782,78
E40000007,East of England,nhsRegion,2023-03-23,10,101567,798,99
E40000007,East of England,nhsRegion,2023-03-22,13,101468,805,96
E40000007,East of England,nhsRegion,2023-03-21,11,101372,803,115
E40000007,East of England,nhsRegion,2023-03-20,10,101257,802,114
E40000007,East of England,nhsRegion,2023-03-19,12,101143,783,97
E40000007,East of England,nhsRegion,2023-03-18,13,101046,779,94
E40000007,East of England,nhsRegion,2023-03-17,12,100952,791,100
E40000007,East of England,nhsRegion,2023-03-16,13,100852,808,93
E40000007,East of England,nhsRegion,2023-03-15,14,100759,821,93
E40000007,East of England,nhsRegion,2023-03-14,14,100666,804,78
E40000007,East of England,nhsRegion,2023-03-13,16,100588,780,142
E40000007,East of England,nhsRegion,2023-03-12,15,100446,792,101
E40000007,East of England,nhsRegion,2023-03-11,13,100345,768,70
E40000007,East of England,nhsRegion,2023-03-10,14,100275,773,68
E40000007,East of England,nhsRegion,2023-03-09,10,100207,708,85
E40000007,East of England,nhsRegion,2023-03-08,8,100122,743,89
E40000007,East of England,nhsRegion,2023-03-07,8,100033,764,97
E40000007,East of England,nhsRegion,2023-03-06,8,99936,773,93
E40000007,East of England,nhsRegion,2023-03-05,12,99843,771,90
E40000007,East of England,nhsRegion,2023-03-04,13,99753,772,68
E40000007,East of England,nhsRegion,2023-03-03,13,99685,751,79
E40000007,East of England,nhsRegion,2023-03-02,16,99606,748,105
E40000007,East of England,nhsRegion,2023-03-01,13,99501,768,114
E40000007,East of England,nhsRegion,2023-02-28,14,99387,769,97
E40000007,East of England,nhsRegion,2023-02-27,12,99290,759,104
E40000007,East of England,nhsRegion,2023-02-26,13,99186,749,87
E40000007,East of England,nhsRegion,2023-02-25,16,99099,743,81
E40000007,East of England,nhsRegion,2023-02-24,15,99018,791,59
E40000007,East of England,nhsRegion,2023-02-23,17,98959,797,78
E40000007,East of England,nhsRegion,2023-02-22,15,98881,793,116
E40000007,East of England,nhsRegion,2023-02-21,15,98765,795,100
E40000007,East of England,nhsRegion,2023-02-20,16,98665,810,110
E40000007,East of England,nhsRegion,2023-02-19,18,98555,819,93
E40000007,East of England,nhsRegion,2023-02-18,16,98462,797,74
E40000007,East of England,nhsRegion,2023-02-17,18,98388,793,98
E40000007,East of England,nhsRegion,2023-02-16,17,98290,792,147
E40000007,East of England,nhsRegion,2023-02-15,13,98143,777,156
E40000007,East of England,nhsRegion,2023-02-14,16,97987,756,120
E40000007,East of England,nhsRegion,2023-02-13,16,97867,812,107
E40000007,East of England,nhsRegion,2023-02-12,17,97760,778,93
E40000007,East of England,nhsRegion,2023-02-11,15,97667,753,108
E40000007,East of England,nhsRegion,2023-02-10,16,97559,772,81
E40000007,East of England,nhsRegion,2023-02-09,15,97478,771,100
E40000007,East of England,nhsRegion,2023-02-08,13,97378,758,67
E40000007,East of England,nhsRegion,2023-02-07,17,97311,765,164
E40000007,East of England,nhsRegion,2023-02-06,12,97147,792,137
E40000007,East of England,nhsRegion,2023-02-05,11,97010,761,140
E40000007,East of England,nhsRegion,2023-02-04,13,96870,748,116
E40000007,East of England,nhsRegion,2023-02-03,16,96754,739,67
E40000007,East of England,nhsRegion,2023-02-02,18,96687,744,92
E40000007,East of England,nhsRegion,2023-02-01,20,96595,699,98
E40000007,East of England,nhsRegion,2023-01-31,20,96497,687,115
E40000007,East of England,nhsRegion,2023-01-30,22,96382,657,111
E40000007,East of England,nhsRegion,2023-01-29,20,96271,640,98
E40000007,East of England,nhsRegion,2023-01-28,19,96173,608,64
E40000007,East of England,nhsRegion,2023-01-27,18,96109,603,72
E40000007,East of England,nhsRegion,2023-01-26,14,96037,595,77
E40000007,East of England,nhsRegion,2023-01-25,14,95960,593,77
E40000007,East of England,nhsRegion,2023-01-24,13,95883,586,95
E40000007,East of England,nhsRegion,2023-01-23,12,95788,588,67
E40000007,East of England,nhsRegion,2023-01-22,13,95721,565,83
E40000007,East of England,nhsRegion,2023-01-21,13,95638,582,50
E40000007,East of England,nhsRegion,2023-01-20,13,95588,594,56
E40000007,East of England,nhsRegion,2023-01-19,11,95532,624,74
E40000007,East of England,nhsRegion,2023-01-18,12,95458,630,64
E40000007,East of England,nhsRegion,2023-01-17,14,95394,660,70
E40000007,East of England,nhsRegion,2023-01-16,11,95324,669,55
E40000007,East of England,nhsRegion,2023-01-15,10,95269,698,75
E40000007,East of England,nhsRegion,2023-01-14,8,95194,691,56
E40000007,East of England,nhsRegion,2023-01-13,10,95138,753,60
E40000007,East of England,nhsRegion,2023-01-12,13,95078,798,64
E40000007,East of England,nhsRegion,2023-01-11,15,95014,851,74
E40000007,East of England,nhsRegion,2023-01-10,18,94940,862,70
E40000007,East of England,nhsRegion,2023-01-09,24,94870,891,86
E40000007,East of England,nhsRegion,2023-01-08,17,94784,879,83
E40000007,East of England,nhsRegion,2023-01-07,17,94701,919,57
E40000007,East of England,nhsRegion,2023-01-06,17,94644,926,76
E40000007,East of England,nhsRegion,2023-01-05,16,94568,964,109
E40000007,East of England,nhsRegion,2023-01-04,18,94459,1002,108
E40000007,East of England,nhsRegion,2023-01-03,14,94351,911,106
E40000007,East of England,nhsRegion,2023-01-02,16,94245,892,102
E40000007,East of England,nhsRegion,2023-01-01,16,94143,883,112
E40000007,East of England,nhsRegion,2022-12-31,13,94031,870,84
E40000007,East of England,nhsRegion,2022-12-30,26,93947,1005,74
E40000007,East of England,nhsRegion,2022-12-29,25,93873,1035,141
E40000007,East of England,nhsRegion,2022-12-28,23,93732,1018,123
E40000007,East of England,nhsRegion,2022-12-27,16,93609,925,113
E40000007,East of England,nhsRegion,2022-12-26,21,93496,997,111
E40000007,East of England,nhsRegion,2022-12-25,18,93385,989,72
E40000007,East of England,nhsRegion,2022-12-24,23,93313,1025,127
E40000007,East of England,nhsRegion,2022-12-23,25,93186,1019,106
E40000007,East of England,nhsRegion,2022-12-22,27,93080,985,130
E40000007,East of England,nhsRegion,2022-12-21,26,92950,966,136
E40000007,East of England,nhsRegion,2022-12-20,27,92814,922,151
E40000007,East of England,nhsRegion,2022-12-19,25,92663,874,166
E40000007,East of England,nhsRegion,2022-12-18,28,92497,833,109
E40000007,East of England,nhsRegion,2022-12-17,27,92388,808,80
E40000007,East of England,nhsRegion,2022-12-16,24,92308,769,121
E40000007,East of England,nhsRegion,2022-12-15,21,92187,742,107
E40000007,East of England,nhsRegion,2022-12-14,22,92080,726,93
E40000007,East of England,nhsRegion,2022-12-13,19,91987,686,123
E40000007,East of England,nhsRegion,2022-12-12,16,91864,627,98
E40000007,East of England,nhsRegion,2022-12-11,14,91766,604,100
E40000007,East of England,nhsRegion,2022-12-10,16,91666,577,72
E40000007,East of England,nhsRegion,2022-12-09,15,91594,553,91
E40000007,East of England,nhsRegion,2022-12-08,15,91503,536,82
E40000007,East of England,nhsRegion,2022-12-07,12,91421,522,74
E40000007,East of England,nhsRegion,2022-12-06,12,91347,512,76
E40000007,East of England,nhsRegion,2022-12-05,10,91271,477,82
E40000007,East of England,nhsRegion,2022-12-04,8,91189,466,64
E40000007,East of England,nhsRegion,2022-12-03,8,91125,449,69
E40000007,East of England,nhsRegion,2022-12-02,8,91056,434,47
E40000007,East of England,nhsRegion,2022-12-01,6,91009,440,64
E40000007,East of England,nhsRegion,2022-11-30,6,90945,431,54
E40000007,East of England,nhsRegion,2022-11-29,5,90891,431,67
E40000007,East of England,nhsRegion,2022-11-28,6,90824,413,84
E40000007,East of England,nhsRegion,2022-11-27,6,90740,402,59
E40000007,East of England,nhsRegion,2022-11-26,5,90681,392,41
E40000007,East of England,nhsRegion,2022-11-25,7,90640,421,41
E40000007,East of England,nhsRegion,2022-11-24,6,90599,399,62
E40000007,East of England,nhsRegion,2022-11-23,7,90537,390,55
E40000007,East of England,nhsRegion,2022-11-22,6,90482,373,54
E40000007,East of England,nhsRegion,2022-11-21,7,90428,405,50
E40000007,East of England,nhsRegion,2022-11-20,11,90378,422,38
E40000007,East of England,nhsRegion,2022-11-19,8,90340,397,58
E40000007,East of England,nhsRegion,2022-11-18,6,90282,395,53
E40000007,East of England,nhsRegion,2022-11-17,7,90229,429,62
E40000007,East of England,nhsRegion,2022-11-16,12,90167,440,46
E40000007,East of England,nhsRegion,2022-11-15,11,90121,451,54
E40000007,East of England,nhsRegion,2022-11-14,7,90067,439,61
E40000007,East of England,nhsRegion,2022-11-13,5,90006,439,52
E40000007,East of England,nhsRegion,2022-11-12,5,89954,443,45
E40000007,East of England,nhsRegion,2022-11-11,5,89909,449,48
E40000007,East of England,nhsRegion,2022-11-10,6,89861,472,72
E40000007,East of England,nhsRegion,2022-11-09,7,89789,489,57
E40000007,East of England,nhsRegion,2022-11-08,9,89732,536,51
E40000007,East of England,nhsRegion,2022-11-07,10,89681,560,68
E40000007,East of England,nhsRegion,2022-11-06,11,89613,583,48
E40000007,East of England,nhsRegion,2022-11-05,9,89565,597,51
E40000007,East of England,nhsRegion,2022-11-04,9,89514,625,37
E40000007,East of England,nhsRegion,2022-11-03,11,89477,677,58
E40000007,East of England,nhsRegion,2022-11-02,9,89419,732,60
E40000007,East of England,nhsRegion,2022-11-01,10,89359,784,70
E40000007,East of England,nhsRegion,2022-10-31,9,89289,823,69
E40000007,East of England,nhsRegion,2022-10-30,9,89220,836,92
E40000007,East of England,nhsRegion,2022-10-29,13,89128,861,54
E40000007,East of England,nhsRegion,2022-10-28,10,89074,923,61
E40000007,East of England,nhsRegion,2022-10-27,11,89013,912,101
E40000007,East of England,nhsRegion,2022-10-26,9,88912,944,119
E40000007,East of England,nhsRegion,2022-10-25,12,88793,990,93
E40000007,East of England,nhsRegion,2022-10-24,12,88700,1004,116
E40000007,East of England,nhsRegion,2022-10-23,11,88584,1021,98
E40000007,East of England,nhsRegion,2022-10-22,16,88486,1020,82
E40000007,East of England,nhsRegion,2022-10-21,14,88404,1053,113
E40000007,East of England,nhsRegion,2022-10-20,14,88291,1097,121
E40000007,East of England,nhsRegion,2022-10-19,18,88170,1172,119
E40000007,East of England,nhsRegion,2022-10-18,18,88051,1191,125
E40000007,East of England,nhsRegion,2022-10-17,17,87926,1200,125
E40000007,East of England,nhsRegion,2022-10-16,17,87801,1209,136
E40000007,East of England,nhsRegion,2022-10-15,15,87665,1206,102
E40000007,East of England,nhsRegion,2022-10-14,20,87563,1233,113
E40000007,East of England,nhsRegion,2022-10-13,18,87450,1236,135
E40000007,East of England,nhsRegion,2022-10-12,16,87315,1269,144
E40000007,East of England,nhsRegion,2022-10-11,18,87171,1292,152
E40000007,East of England,nhsRegion,2022-10-10,19,87019,1287,150
E40000007,East of England,nhsRegion,2022-10-09,16,86869,1260,141
E40000007,East of England,nhsRegion,2022-10-08,20,86728,1270,115
E40000007,East of England,nhsRegion,2022-10-07,17,86613,1143,126
E40000007,East of England,nhsRegion,2022-10-06,21,86487,1111,183
E40000007,East of England,nhsRegion,2022-10-05,24,86304,1064,132
E40000007,East of England,nhsRegion,2022-10-04,23,86172,1017,185
E40000007,East of England,nhsRegion,2022-10-03,16,85987,921,158
E40000007,East of England,nhsRegion,2022-10-02,11,85829,883,151
E40000007,East of England,nhsRegion,2022-10-01,12,85678,860,106
E40000007,East of England,nhsRegion,2022-09-30,13,85572,812,87
E40000007,East of England,nhsRegion,2022-09-29,13,85485,723,126
E40000007,East of England,nhsRegion,2022-09-28,12,85359,685,128
E40000007,East of England,nhsRegion,2022-09-27,8,85231,614,105
E40000007,East of England,nhsRegion,2022-09-26,8,85126,565,132
E40000007,East of England,nhsRegion,2022-09-25,8,84994,491,106
E40000007,East of England,nhsRegion,2022-09-24,8,84888,471,85
E40000007,East of England,nhsRegion,2022-09-23,9,84803,468,55
E40000007,East of England,nhsRegion,2022-09-22,12,84748,459,66
E40000007,East of England,nhsRegion,2022-09-21,10,84682,437,55
E40000007,East of England,nhsRegion,2022-09-20,6,84627,424,86
E40000007,East of England,nhsRegion,2022-09-19,4,84541,394,81
E40000007,East of England,nhsRegion,2022-09-18,5,84460,393,55
E40000007,East of England,nhsRegion,2022-09-17,5,84405,373,53
E40000007,East of England,nhsRegion,2022-09-16,7,84352,367,39
E40000007,East of England,nhsRegion,2022-09-15,10,84313,380,45
E40000007,East of England,nhsRegion,2022-09-14,11,84268,366,57
E40000007,East of England,nhsRegion,2022-09-13,12,84211,376,49
E40000007,East of England,nhsRegion,2022-09-12,9,84162,418,47
E40000007,East of England,nhsRegion,2022-09-11,8,84115,421,46
E40000007,East of England,nhsRegion,2022-09-10,8,84069,419,34
E40000007,East of England,nhsRegion,2022-09-09,9,84035,411,34
E40000007,East of England,nhsRegion,2022-09-08,9,84001,421,51
E40000007,East of England,nhsRegion,2022-09-07,9,83950,429,32
E40000007,East of England,nhsRegion,2022-09-06,7,83918,455,40
E40000007,East of England,nhsRegion,2022-09-05,8,83878,464,39
E40000007,East of England,nhsRegion,2022-09-04,9,83839,458,33
E40000007,East of England,nhsRegion,2022-09-03,6,83806,461,36
E40000007,East of England,nhsRegion,2022-09-02,6,83770,476,40
E40000007,East of England,nhsRegion,2022-09-01,5,83730,511,41
E40000007,East of England,nhsRegion,2022-08-31,4,83689,532,55
E40000007,East of England,nhsRegion,2022-08-30,9,83634,574,47
E40000007,East of England,nhsRegion,2022-08-29,10,83587,560,58
E40000007,East of England,nhsRegion,2022-08-28,11,83529,573,60
E40000007,East of England,nhsRegion,2022-08-27,9,83469,557,55
E40000007,East of England,nhsRegion,2022-08-26,6,83414,581,58
E40000007,East of England,nhsRegion,2022-08-25,5,83356,625,64
E40000007,East of England,nhsRegion,2022-08-24,14,83292,617,60
E40000007,East of England,nhsRegion,2022-08-23,14,83232,667,83
E40000007,East of England,nhsRegion,2022-08-22,20,83149,680,72
E40000007,East of England,nhsRegion,2022-08-21,17,83077,666,57
E40000007,East of England,nhsRegion,2022-08-20,13,83020,652,63
E40000007,East of England,nhsRegion,2022-08-19,14,82957,686,82
E40000007,East of England,nhsRegion,2022-08-18,11,82875,733,72
E40000007,East of England,nhsRegion,2022-08-17,12,82803,707,79
E40000007,East of England,nhsRegion,2022-08-16,14,82724,747,107
E40000007,East of England,nhsRegion,2022-08-15,14,82617,769,89
E40000007,East of England,nhsRegion,2022-08-14,15,82528,751,84
E40000007,East of England,nhsRegion,2022-08-13,16,82444,738,88
E40000007,East of England,nhsRegion,2022-08-12,19,82356,744,96
E40000007,East of England,nhsRegion,2022-08-11,18,82260,771,95
E40000007,East of England,nhsRegion,2022-08-10,15,82165,776,92
E40000007,East of England,nhsRegion,2022-08-09,18,82073,821,100
E40000007,East of England,nhsRegion,2022-08-08,14,81973,835,94
E40000007,East of England,nhsRegion,2022-08-07,14,81879,852,90
E40000007,East of England,nhsRegion,2022-08-06,12,81789,807,81
E40000007,East of England,nhsRegion,2022-08-05,14,81708,857,98
E40000007,East of England,nhsRegion,2022-08-04,14,81610,875,79
E40000007,East of England,nhsRegion,2022-08-03,16,81531,928,115
E40000007,East of England,nhsRegion,2022-08-02,17,81416,977,89
E40000007,East of England,nhsRegion,2022-08-01,18,81327,1031,90
E40000007,East of England,nhsRegion,2022-07-31,17,81237,1020,135
E40000007,East of England,nhsRegion,2022-07-30,15,81102,1024,90
E40000007,East of England,nhsRegion,2022-07-29,16,81012,1096,100
E40000007,East of England,nhsRegion,2022-07-28,20,80912,1122,129
E40000007,East of England,nhsRegion,2022-07-27,24,80783,1213,122
E40000007,East of England,nhsRegion,2022-07-26,28,80661,1211,128
E40000007,East of England,nhsRegion,2022-07-25,27,80533,1230,122
E40000007,East of England,nhsRegion,2022-07-24,25,80411,1217,150
E40000007,East of England,nhsRegion,2022-07-23,26,80261,1224,117
E40000007,East of England,nhsRegion,2022-07-22,18,80144,1264,106
E40000007,East of England,nhsRegion,2022-07-21,18,80038,1278,175
E40000007,East of England,nhsRegion,2022-07-20,18,79863,1328,194
E40000007,East of England,nhsRegion,2022-07-19,24,79669,1375,155
E40000007,East of England,nhsRegion,2022-07-18,23,79514,1416,173
E40000007,East of England,nhsRegion,2022-07-17,27,79341,1421,178
E40000007,East of England,nhsRegion,2022-07-16,27,79163,1407,137
E40000007,East of England,nhsRegion,2022-07-15,24,79026,1432,155
E40000007,East of England,nhsRegion,2022-07-14,25,78871,1419,165
E40000007,East of England,nhsRegion,2022-07-13,24,78706,1387,190
E40000007,East of England,nhsRegion,2022-07-12,36,78516,1354,240
E40000007,East of England,nhsRegion,2022-07-11,32,78276,1340,194
E40000007,East of England,nhsRegion,2022-07-10,34,78082,1343,184
E40000007,East of England,nhsRegion,2022-07-09,24,77898,1218,192
E40000007,East of England,nhsRegion,2022-07-08,23,77706,1235,161
E40000007,East of England,nhsRegion,2022-07-07,31,77545,1199,198
E40000007,East of England,nhsRegion,2022-07-06,27,77347,1142,194
E40000007,East of England,nhsRegion,2022-07-05,26,77153,1066,183
E40000007,East of England,nhsRegion,2022-07-04,25,76970,1074,164
E40000007,East of England,nhsRegion,2022-07-03,28,76806,979,189
E40000007,East of England,nhsRegion,2022-07-02,27,76617,1000,150
E40000007,East of England,nhsRegion,2022-07-01,28,76467,942,131
E40000007,East of England,nhsRegion,2022-06-30,28,76336,916,180
E40000007,East of England,nhsRegion,2022-06-29,23,76156,852,170
E40000007,East of England,nhsRegion,2022-06-28,23,75986,811,154
E40000007,East of England,nhsRegion,2022-06-27,23,75832,793,125
E40000007,East of England,nhsRegion,2022-06-26,28,75707,738,130
E40000007,East of England,nhsRegion,2022-06-25,23,75577,708,92
E40000007,East of England,nhsRegion,2022-06-24,22,75485,663,117
E40000007,East of England,nhsRegion,2022-06-23,17,75368,625,133
E40000007,East of England,nhsRegion,2022-06-22,13,75235,616,96
E40000007,East of England,nhsRegion,2022-06-21,15,75139,593,120
E40000007,East of England,nhsRegion,2022-06-20,15,75019,559,107
E40000007,East of England,nhsRegion,2022-06-19,15,74912,518,105
E40000007,East of England,nhsRegion,2022-06-18,15,74807,491,85
E40000007,East of England,nhsRegion,2022-06-17,12,74722,479,73
E40000007,East of England,nhsRegion,2022-06-16,16,74649,467,81
E40000007,East of England,nhsRegion,2022-06-15,17,74568,456,102
E40000007,East of England,nhsRegion,2022-06-14,25,74466,428,85
E40000007,East of England,nhsRegion,2022-06-13,18,74381,431,62
E40000007,East of England,nhsRegion,2022-06-12,19,74319,416,60
E40000007,East of England,nhsRegion,2022-06-11,13,74259,413,54
E40000007,East of England,nhsRegion,2022-06-10,9,74205,413,60
E40000007,East of England,nhsRegion,2022-06-09,11,74145,399,77
E40000007,East of England,nhsRegion,2022-06-08,11,74068,408,78
E40000007,East of England,nhsRegion,2022-06-07,10,73990,402,46
E40000007,East of England,nhsRegion,2022-06-06,9,73944,402,58
E40000007,East of England,nhsRegion,2022-06-05,9,73886,384,42
E40000007,East of England,nhsRegion,2022-06-04,8,73844,368,53
E40000007,East of England,nhsRegion,2022-06-03,10,73791,355,41
E40000007,East of England,nhsRegion,2022-06-02,9,73750,371,42
E40000007,East of England,nhsRegion,2022-06-01,10,73708,335,44
E40000007,East of England,nhsRegion,2022-05-31,12,73664,365,64
E40000007,East of England,nhsRegion,2022-05-30,14,73600,376,38
E40000007,East of England,nhsRegion,2022-05-29,14,73562,361,34
E40000007,East of England,nhsRegion,2022-05-28,14,73528,372,44
E40000007,East of England,nhsRegion,2022-05-27,17,73484,408,36
E40000007,East of England,nhsRegion,2022-05-26,15,73448,412,36
E40000007,East of England,nhsRegion,2022-05-25,14,73412,430,54
E40000007,East of England,nhsRegion,2022-05-24,19,73358,443,56
E40000007,East of England,nhsRegion,2022-05-23,17,73302,469,53
E40000007,East of England,nhsRegion,2022-05-22,17,73249,471,48
E40000007,East of England,nhsRegion,2022-05-21,22,73201,475,30
E40000007,East of England,nhsRegion,2022-05-20,23,73171,487,33
E40000007,East of England,nhsRegion,2022-05-19,17,73138,526,48
E40000007,East of England,nhsRegion,2022-05-18,21,73090,539,79
E40000007,East of England,nhsRegion,2022-05-17,22,73011,566,50
E40000007,East of England,nhsRegion,2022-05-16,21,72961,583,78
E40000007,East of England,nhsRegion,2022-05-15,22,72883,624,60
E40000007,East of England,nhsRegion,2022-05-14,24,72823,613,59
E40000007,East of England,nhsRegion,2022-05-13,23,72764,680,46
E40000007,East of England,nhsRegion,2022-05-12,23,72718,724,64
E40000007,East of England,nhsRegion,2022-05-11,23,72654,782,71
E40000007,East of England,nhsRegion,2022-05-10,23,72583,821,80
E40000007,East of England,nhsRegion,2022-05-09,22,72503,850,79
E40000007,East of England,nhsRegion,2022-05-08,27,72424,881,73
E40000007,East of England,nhsRegion,2022-05-07,25,72351,895,104
E40000007,East of England,nhsRegion,2022-05-06,26,72247,921,75
E40000007,East of England,nhsRegion,2022-05-05,29,72172,984,88
E40000007,East of England,nhsRegion,2022-05-04,34,72084,1003,101
E40000007,East of England,nhsRegion,2022-05-03,33,71983,998,118
E40000007,East of England,nhsRegion,2022-05-02,26,71865,1019,96
E40000007,East of England,nhsRegion,2022-05-01,25,71769,1028,82
E40000007,East of England,nhsRegion,2022-04-30,28,71687,1041,86
E40000007,East of England,nhsRegion,2022-04-29,27,71601,1072,96
E40000007,East of England,nhsRegion,2022-04-28,25,71505,1103,130
E40000007,East of England,nhsRegion,2022-04-27,31,71375,1143,117
E40000007,East of England,nhsRegion,2022-04-26,32,71258,1216,103
E40000007,East of England,nhsRegion,2022-04-25,29,71155,1269,123
E40000007,East of England,nhsRegion,2022-04-24,26,71032,1257,144
E40000007,East of England,nhsRegion,2022-04-23,29,70888,1285,131
E40000007,East of England,nhsRegion,2022-04-22,31,70757,1358,128
E40000007,East of England,nhsRegion,2022-04-21,29,70629,1421,149
E40000007,East of England,nhsRegion,2022-04-20,35,70480,1511,151
E40000007,East of England,nhsRegion,2022-04-19,24,70329,1470,139
E40000007,East of England,nhsRegion,2022-04-18,30,70190,1518,164
E40000007,East of England,nhsRegion,2022-04-17,29,70026,1558,166
E40000007,East of England,nhsRegion,2022-04-16,29,69860,1543,147
E40000007,East of England,nhsRegion,2022-04-15,29,69713,1538,148
E40000007,East of England,nhsRegion,2022-04-14,29,69565,1582,159
E40000007,East of England,nhsRegion,2022-04-13,32,69406,1603,209
E40000007,East of England,nhsRegion,2022-04-12,37,69197,1641,198
E40000007,East of England,nhsRegion,2022-04-11,38,68999,1739,200
E40000007,East of England,nhsRegion,2022-04-10,32,68799,1659,210
E40000007,East of England,nhsRegion,2022-04-09,43,68589,1660,176
E40000007,East of England,nhsRegion,2022-04-08,41,68413,1704,175
E40000007,East of England,nhsRegion,2022-04-07,33,68238,1810,190
E40000007,East of England,nhsRegion,2022-04-06,31,68048,1779,204
E40000007,East of England,nhsRegion,2022-04-05,34,67844,1805,240
E40000007,East of England,nhsRegion,2022-04-04,37,67604,1721,260
E40000007,East of England,nhsRegion,2022-04-03,35,67344,1701,239
E40000007,East of England,nhsRegion,2022-04-02,39,67105,1697,174
E40000007,East of England,nhsRegion,2022-04-01,39,66931,1692,199
E40000007,East of England,nhsRegion,2022-03-31,39,66732,1738,198
E40000007,East of England,nhsRegion,2022-03-30,36,66534,1702,255
E40000007,East of England,nhsRegion,2022-03-29,37,66279,1739,270
E40000007,East of England,nhsRegion,2022-03-28,41,66009,1683,211
E40000007,East of England,nhsRegion,2022-03-27,41,65798,1634,225
E40000007,East of England,nhsRegion,2022-03-26,46,65573,1571,204
E40000007,East of England,nhsRegion,2022-03-25,38,65369,1633,220
E40000007,East of England,nhsRegion,2022-03-24,29,65149,1585,204
E40000007,East of England,nhsRegion,2022-03-23,29,64945,1539,224
E40000007,East of England,nhsRegion,2022-03-22,36,64721,1596,248
E40000007,East of England,nhsRegion,2022-03-21,38,64473,1484,201
E40000007,East of England,nhsRegion,2022-03-20,34,64272,1402,208
E40000007,East of England,nhsRegion,2022-03-19,31,64064,1340,223
E40000007,East of England,nhsRegion,2022-03-18,31,63841,1336,174
E40000007,East of England,nhsRegion,2022-03-17,34,63667,1289,238
E40000007,East of England,nhsRegion,2022-03-16,33,63429,1248,188
E40000007,East of England,nhsRegion,2022-03-15,37,63241,1240,206
E40000007,East of England,nhsRegion,2022-03-14,39,63035,1201,181
E40000007,East of England,nhsRegion,2022-03-13,28,62854,1135,212
E40000007,East of England,nhsRegion,2022-03-12,29,62642,1120,155
E40000007,East of England,nhsRegion,2022-03-11,27,62487,1067,134
E40000007,East of England,nhsRegion,2022-03-10,25,62353,1058,155
E40000007,East of England,nhsRegion,2022-03-09,25,62198,998,204
E40000007,East of England,nhsRegion,2022-03-08,25,61994,1052,154
E40000007,East of England,nhsRegion,2022-03-07,22,61840,981,147
E40000007,East of England,nhsRegion,2022-03-06,21,61693,943,175
E40000007,East of England,nhsRegion,2022-03-05,19,61518,919,121
E40000007,East of England,nhsRegion,2022-03-04,20,61397,934,103
E40000007,East of England,nhsRegion,2022-03-03,22,61294,925,144
E40000007,East of England,nhsRegion,2022-03-02,28,61150,933,128
E40000007,East of England,nhsRegion,2022-03-01,25,61022,935,146
E40000007,East of England,nhsRegion,2022-02-28,28,60876,912,135
E40000007,East of England,nhsRegion,2022-02-27,24,60741,827,125
E40000007,East of England,nhsRegion,2022-02-26,22,60616,817,103
E40000007,East of England,nhsRegion,2022-02-25,28,60513,885,80
E40000007,East of England,nhsRegion,2022-02-24,28,60433,873,117
E40000007,East of England,nhsRegion,2022-02-23,31,60316,889,135
E40000007,East of England,nhsRegion,2022-02-22,32,60181,912,109
E40000007,East of England,nhsRegion,2022-02-21,34,60072,918,132
E40000007,East of England,nhsRegion,2022-02-20,33,59940,893,131
E40000007,East of England,nhsRegion,2022-02-19,33,59809,887,97
E40000007,East of England,nhsRegion,2022-02-18,34,59712,897,94
E40000007,East of England,nhsRegion,2022-02-17,32,59618,897,93
E40000007,East of England,nhsRegion,2022-02-16,31,59525,944,113
E40000007,East of England,nhsRegion,2022-02-15,31,59412,975,115
E40000007,East of England,nhsRegion,2022-02-14,37,59297,1016,111
E40000007,East of England,nhsRegion,2022-02-13,37,59186,968,106
E40000007,East of England,nhsRegion,2022-02-12,35,59080,945,109
E40000007,East of England,nhsRegion,2022-02-11,36,58971,993,105
E40000007,East of England,nhsRegion,2022-02-10,40,58866,1033,125
E40000007,East of England,nhsRegion,2022-02-09,40,58741,1068,106
E40000007,East of England,nhsRegion,2022-02-08,40,58635,1089,132
E40000007,East of England,nhsRegion,2022-02-07,39,58503,1101,137
E40000007,East of England,nhsRegion,2022-02-06,41,58366,1092,118
E40000007,East of England,nhsRegion,2022-02-05,45,58248,1116,113
E40000007,East of England,nhsRegion,2022-02-04,46,58135,1145,121
E40000007,East of England,nhsRegion,2022-02-03,46,58014,1172,125
E40000007,East of England,nhsRegion,2022-02-02,43,57889,1179,130
E40000007,East of England,nhsRegion,2022-02-01,47,57759,1215,162
E40000007,East of England,nhsRegion,2022-01-31,48,57597,1248,122
E40000007,East of England,nhsRegion,2022-01-30,47,57475,1184,132
E40000007,East of England,nhsRegion,2022-01-29,50,57343,1122,150
E40000007,East of England,nhsRegion,2022-01-28,54,57193,1216,134
E40000007,East of England,nhsRegion,2022-01-27,51,57059,1239,149
E40000007,East of England,nhsRegion,2022-01-26,48,56910,1242,161
E40000007,East of England,nhsRegion,2022-01-25,46,56749,1272,167
E40000007,East of England,nhsRegion,2022-01-24,50,56582,1296,152
E40000007,East of England,nhsRegion,2022-01-23,44,56430,1275,154
E40000007,East of England,nhsRegion,2022-01-22,44,56276,1259,127
E40000007,East of England,nhsRegion,2022-01-21,45,56149,1286,137
E40000007,East of England,nhsRegion,2022-01-20,50,56012,1323,146
E40000007,East of England,nhsRegion,2022-01-19,56,55866,1363,171
E40000007,East of England,nhsRegion,2022-01-18,58,55695,1347,146
E40000007,East of England,nhsRegion,2022-01-17,59,55549,1383,170
E40000007,East of England,nhsRegion,2022-01-16,58,55379,1396,146
E40000007,East of England,nhsRegion,2022-01-15,58,55233,1361,127
E40000007,East of England,nhsRegion,2022-01-14,65,55106,1383,164
E40000007,East of England,nhsRegion,2022-01-13,71,54942,1470,120
E40000007,East of England,nhsRegion,2022-01-12,72,54822,1452,168
E40000007,East of England,nhsRegion,2022-01-11,72,54654,1467,193
E40000007,East of England,nhsRegion,2022-01-10,76,54461,1497,205
E40000007,East of England,nhsRegion,2022-01-09,77,54256,1440,200
E40000007,East of England,nhsRegion,2022-01-08,79,54056,1427,142
E40000007,East of England,nhsRegion,2022-01-07,81,53914,1440,145
E40000007,East of England,nhsRegion,2022-01-06,80,53769,1409,189
E40000007,East of England,nhsRegion,2022-01-05,82,53580,1402,193
E40000007,East of England,nhsRegion,2022-01-04,90,53387,1338,196
E40000007,East of England,nhsRegion,2022-01-03,83,53191,1250,180
E40000007,East of England,nhsRegion,2022-01-02,86,53011,1199,187
E40000007,East of England,nhsRegion,2022-01-01,73,52824,969,185
E40000007,East of England,nhsRegion,2021-12-31,96,52639,1083,142
E40000007,East of England,nhsRegion,2021-12-30,95,52497,1030,193
E40000007,East of England,nhsRegion,2021-12-29,92,52304,925,179
E40000007,East of England,nhsRegion,2021-12-28,91,52125,878,170
E40000007,East of England,nhsRegion,2021-12-27,101,51955,809,153
E40000007,East of England,nhsRegion,2021-12-26,84,51802,681,124
E40000007,East of England,nhsRegion,2021-12-25,85,51678,645,135
E40000007,East of England,nhsRegion,2021-12-24,82,51543,672,96
E40000007,East of England,nhsRegion,2021-12-23,92,51447,658,112
E40000007,East of England,nhsRegion,2021-12-22,81,51335,630,134
E40000007,East of England,nhsRegion,2021-12-21,88,51201,630,111
E40000007,East of England,nhsRegion,2021-12-20,88,51090,607,87
E40000007,East of England,nhsRegion,2021-12-19,83,51003,586,94
E40000007,East of England,nhsRegion,2021-12-18,83,50909,567,76
E40000007,East of England,nhsRegion,2021-12-17,80,50833,603,64
E40000007,East of England,nhsRegion,2021-12-16,83,50769,622,73
E40000007,East of England,nhsRegion,2021-12-15,85,50696,620,68
E40000007,East of England,nhsRegion,2021-12-14,80,50628,654,79
E40000007,East of England,nhsRegion,2021-12-13,76,50549,641,78
E40000007,East of England,nhsRegion,2021-12-12,79,50471,599,80
E40000007,East of England,nhsRegion,2021-12-11,78,50391,584,69
E40000007,East of England,nhsRegion,2021-12-10,77,50322,576,61
E40000007,East of England,nhsRegion,2021-12-09,76,50261,569,85
E40000007,East of England,nhsRegion,2021-12-08,77,50176,558,76
E40000007,East of England,nhsRegion,2021-12-07,70,50100,553,75
E40000007,East of England,nhsRegion,2021-12-06,71,50025,550,85
E40000007,East of England,nhsRegion,2021-12-05,72,49940,524,88
E40000007,East of England,nhsRegion,2021-12-04,74,49852,516,73
E40000007,East of England,nhsRegion,2021-12-03,73,49779,527,79
E40000007,East of England,nhsRegion,2021-12-02,76,49700,531,57
E40000007,East of England,nhsRegion,2021-12-01,83,49643,558,59
E40000007,East of England,nhsRegion,2021-11-30,81,49584,561,67
E40000007,East of England,nhsRegion,2021-11-29,87,49517,588,62
E40000007,East of England,nhsRegion,2021-11-28,93,49455,569,58
E40000007,East of England,nhsRegion,2021-11-27,85,49397,566,79
E40000007,East of England,nhsRegion,2021-11-26,85,49318,583,46
E40000007,East of England,nhsRegion,2021-11-25,87,49272,579,61
E40000007,East of England,nhsRegion,2021-11-24,85,49211,574,98
E40000007,East of England,nhsRegion,2021-11-23,85,49113,609,53
E40000007,East of England,nhsRegion,2021-11-22,85,49060,643,52
E40000007,East of England,nhsRegion,2021-11-21,81,49008,620,63
E40000007,East of England,nhsRegion,2021-11-20,79,48945,614,72
E40000007,East of England,nhsRegion,2021-11-19,81,48873,637,54
E40000007,East of England,nhsRegion,2021-11-18,81,48819,625,61
E40000007,East of England,nhsRegion,2021-11-17,81,48758,634,76
E40000007,East of England,nhsRegion,2021-11-16,82,48682,686,56
E40000007,East of England,nhsRegion,2021-11-15,92,48626,719,73
E40000007,East of England,nhsRegion,2021-11-14,94,48553,702,57
E40000007,East of England,nhsRegion,2021-11-13,94,48496,693,78
E40000007,East of England,nhsRegion,2021-11-12,94,48418,716,64
E40000007,East of England,nhsRegion,2021-11-11,90,48354,724,82
E40000007,East of England,nhsRegion,2021-11-10,100,48272,774,88
E40000007,East of England,nhsRegion,2021-11-09,99,48184,782,79
E40000007,East of England,nhsRegion,2021-11-08,105,48105,783,84
E40000007,East of England,nhsRegion,2021-11-07,98,48021,747,90
E40000007,East of England,nhsRegion,2021-11-06,94,47931,739,69
E40000007,East of England,nhsRegion,2021-11-05,93,47862,747,67
E40000007,East of England,nhsRegion,2021-11-04,88,47795,764,82
E40000007,East of England,nhsRegion,2021-11-03,86,47713,762,83
E40000007,East of England,nhsRegion,2021-11-02,89,47630,798,100
E40000007,East of England,nhsRegion,2021-11-01,84,47530,804,95
E40000007,East of England,nhsRegion,2021-10-31,75,47435,714,88
E40000007,East of England,nhsRegion,2021-10-30,73,47347,727,85
E40000007,East of England,nhsRegion,2021-10-29,81,47262,723,95
E40000007,East of England,nhsRegion,2021-10-28,81,47167,693,117
E40000007,East of England,nhsRegion,2021-10-27,80,47050,701,102
E40000007,East of England,nhsRegion,2021-10-26,85,46948,685,96
E40000007,East of England,nhsRegion,2021-10-25,84,46852,684,75
E40000007,East of England,nhsRegion,2021-10-24,75,46777,626,98
E40000007,East of England,nhsRegion,2021-10-23,68,46679,570,97
E40000007,East of England,nhsRegion,2021-10-22,82,46582,612,69
E40000007,East of England,nhsRegion,2021-10-21,87,46513,615,73
E40000007,East of England,nhsRegion,2021-10-20,86,46440,584,83
E40000007,East of England,nhsRegion,2021-10-19,83,46357,567,91
E40000007,East of England,nhsRegion,2021-10-18,72,46266,546,79
E40000007,East of England,nhsRegion,2021-10-17,61,46187,476,95
E40000007,East of England,nhsRegion,2021-10-16,58,46092,455,84
E40000007,East of England,nhsRegion,2021-10-15,66,46008,461,58
E40000007,East of England,nhsRegion,2021-10-14,61,45950,446,68
E40000007,East of England,nhsRegion,2021-10-13,60,45882,442,58
E40000007,East of England,nhsRegion,2021-10-12,58,45824,440,53
E40000007,East of England,nhsRegion,2021-10-11,53,45771,408,71
E40000007,East of England,nhsRegion,2021-10-10,53,45700,368,72
E40000007,East of England,nhsRegion,2021-10-09,58,45628,356,64
E40000007,East of England,nhsRegion,2021-10-08,53,45564,358,65
E40000007,East of England,nhsRegion,2021-10-07,54,45499,346,45
E40000007,East of England,nhsRegion,2021-10-06,52,45454,359,49
E40000007,East of England,nhsRegion,2021-10-05,49,45405,367,58
E40000007,East of England,nhsRegion,2021-10-04,50,45347,379,49
E40000007,East of England,nhsRegion,2021-10-03,47,45298,345,36
E40000007,East of England,nhsRegion,2021-10-02,49,45262,350,37
E40000007,East of England,nhsRegion,2021-10-01,55,45225,384,37
E40000007,East of England,nhsRegion,2021-09-30,49,45188,373,39
E40000007,East of England,nhsRegion,2021-09-29,43,45149,366,54
E40000007,East of England,nhsRegion,2021-09-28,45,45095,371,34
E40000007,East of England,nhsRegion,2021-09-27,44,45061,379,58
E40000007,East of England,nhsRegion,2021-09-26,48,45003,371,32
E40000007,East of England,nhsRegion,2021-09-25,46,44971,373,38
E40000007,East of England,nhsRegion,2021-09-24,55,44933,390,46
E40000007,East of England,nhsRegion,2021-09-23,61,44887,414,42
E40000007,East of England,nhsRegion,2021-09-22,63,44845,442,41
E40000007,East of England,nhsRegion,2021-09-21,59,44804,456,42
E40000007,East of England,nhsRegion,2021-09-20,71,44762,482,53
E40000007,East of England,nhsRegion,2021-09-19,64,44709,458,49
E40000007,East of England,nhsRegion,2021-09-18,65,44660,459,56
E40000007,East of England,nhsRegion,2021-09-17,73,44604,473,41
E40000007,East of England,nhsRegion,2021-09-16,77,44563,512,61
E40000007,East of England,nhsRegion,2021-09-15,81,44502,527,48
E40000007,East of England,nhsRegion,2021-09-14,86,44454,545,76
E40000007,East of England,nhsRegion,2021-09-13,84,44378,550,53
E40000007,East of England,nhsRegion,2021-09-12,81,44325,526,73
E40000007,East of England,nhsRegion,2021-09-11,80,44252,539,50
E40000007,East of England,nhsRegion,2021-09-10,81,44202,546,54
E40000007,East of England,nhsRegion,2021-09-09,80,44148,487,68
E40000007,East of England,nhsRegion,2021-09-08,91,44080,544,51
E40000007,East of England,nhsRegion,2021-09-07,81,44029,547,66
E40000007,East of England,nhsRegion,2021-09-06,87,43963,551,87
E40000007,East of England,nhsRegion,2021-09-05,80,43876,516,62
E40000007,East of England,nhsRegion,2021-09-04,83,43814,503,68
E40000007,East of England,nhsRegion,2021-09-03,86,43746,531,36
E40000007,East of England,nhsRegion,2021-09-02,86,43710,532,73
E40000007,East of England,nhsRegion,2021-09-01,83,43637,535,80
E40000007,East of England,nhsRegion,2021-08-31,79,43557,547,65
E40000007,East of England,nhsRegion,2021-08-30,69,43492,521,77
E40000007,East of England,nhsRegion,2021-08-29,75,43415,510,69
E40000007,East of England,nhsRegion,2021-08-28,71,43346,488,54
E40000007,East of England,nhsRegion,2021-08-27,75,43292,491,71
E40000007,East of England,nhsRegion,2021-08-26,71,43221,492,88
E40000007,East of England,nhsRegion,2021-08-25,74,43133,494,66
E40000007,East of England,nhsRegion,2021-08-24,79,43067,502,69
E40000007,East of England,nhsRegion,2021-08-23,73,42998,499,70
E40000007,East of England,nhsRegion,2021-08-22,65,42928,457,53
E40000007,East of England,nhsRegion,2021-08-21,67,42875,464,71
E40000007,East of England,nhsRegion,2021-08-20,76,42804,465,65
E40000007,East of England,nhsRegion,2021-08-19,70,42739,464,66
E40000007,East of England,nhsRegion,2021-08-18,64,42673,455,78
E40000007,East of England,nhsRegion,2021-08-17,68,42595,467,69
E40000007,East of England,nhsRegion,2021-08-16,69,42526,452,63
E40000007,East of England,nhsRegion,2021-08-15,63,42463,418,66
E40000007,East of England,nhsRegion,2021-08-14,60,42397,408,49
E40000007,East of England,nhsRegion,2021-08-13,56,42348,406,67
E40000007,East of England,nhsRegion,2021-08-12,59,42281,402,64
E40000007,East of England,nhsRegion,2021-08-11,55,42217,395,63
E40000007,East of England,nhsRegion,2021-08-10,51,42154,392,58
E40000007,East of England,nhsRegion,2021-08-09,45,42096,384,52
E40000007,East of England,nhsRegion,2021-08-08,50,42044,359,64
E40000007,East of England,nhsRegion,2021-08-07,54,41980,342,49
E40000007,East of England,nhsRegion,2021-08-06,56,41931,354,50
E40000007,East of England,nhsRegion,2021-08-05,57,41881,326,62
E40000007,East of England,nhsRegion,2021-08-04,60,41819,340,51
E40000007,East of England,nhsRegion,2021-08-03,63,41768,362,37
E40000007,East of England,nhsRegion,2021-08-02,63,41731,381,51
E40000007,East of England,nhsRegion,2021-08-01,57,41680,401,40
E40000007,East of England,nhsRegion,2021-07-31,65,41640,416,29
E40000007,East of England,nhsRegion,2021-07-30,63,41611,361,43
E40000007,East of England,nhsRegion,2021-07-29,61,41568,372,55
E40000007,East of England,nhsRegion,2021-07-28,57,41513,369,43
E40000007,East of England,nhsRegion,2021-07-27,51,41470,354,50
E40000007,East of England,nhsRegion,2021-07-26,52,41420,377,61
E40000007,East of England,nhsRegion,2021-07-25,48,41359,340,68
E40000007,East of England,nhsRegion,2021-07-24,43,41291,284,69
E40000007,East of England,nhsRegion,2021-07-23,43,41222,302,48
E40000007,East of England,nhsRegion,2021-07-22,42,41174,299,47
E40000007,East of England,nhsRegion,2021-07-21,35,41127,277,33
E40000007,East of England,nhsRegion,2021-07-20,32,41094,254,56
E40000007,East of England,nhsRegion,2021-07-19,30,41038,242,47
E40000007,East of England,nhsRegion,2021-07-18,29,40991,206,57
E40000007,East of England,nhsRegion,2021-07-17,29,40934,184,44
E40000007,East of England,nhsRegion,2021-07-16,28,40890,181,31
E40000007,East of England,nhsRegion,2021-07-15,29,40859,164,38
E40000007,East of England,nhsRegion,2021-07-14,30,40821,154,35
E40000007,East of England,nhsRegion,2021-07-13,26,40786,151,31
E40000007,East of England,nhsRegion,2021-07-12,19,40755,142,36
E40000007,East of England,nhsRegion,2021-07-11,16,40719,117,24
E40000007,East of England,nhsRegion,2021-07-10,15,40695,113,25
E40000007,East of England,nhsRegion,2021-07-09,16,40670,108,28
E40000007,East of England,nhsRegion,2021-07-08,15,40642,102,32
E40000007,East of England,nhsRegion,2021-07-07,18,40610,105,22
E40000007,East of England,nhsRegion,2021-07-06,19,40588,98,19
E40000007,East of England,nhsRegion,2021-07-05,18,40569,101,21
E40000007,East of England,nhsRegion,2021-07-04,16,40548,86,18
E40000007,East of England,nhsRegion,2021-07-03,16,40530,86,12
E40000007,East of England,nhsRegion,2021-07-02,15,40518,82,17
E40000007,East of England,nhsRegion,2021-07-01,16,40501,79,22
E40000007,East of England,nhsRegion,2021-06-30,14,40479,83,13
E40000007,East of England,nhsRegion,2021-06-29,11,40466,86,7
E40000007,East of England,nhsRegion,2021-06-28,12,40459,82,12
E40000007,East of England,nhsRegion,2021-06-27,11,40447,77,9
E40000007,East of England,nhsRegion,2021-06-26,10,40438,75,12
E40000007,East of England,nhsRegion,2021-06-25,10,40426,69,14
E40000007,East of England,nhsRegion,2021-06-24,9,40412,65,9
E40000007,East of England,nhsRegion,2021-06-23,9,40403,66,11
E40000007,East of England,nhsRegion,2021-06-22,10,40392,67,13
E40000007,East of England,nhsRegion,2021-06-21,9,40379,67,11
E40000007,East of England,nhsRegion,2021-06-20,7,40368,53,12
E40000007,East of England,nhsRegion,2021-06-19,10,40356,58,10
E40000007,East of England,nhsRegion,2021-06-18,10,40346,60,7
E40000007,East of England,nhsRegion,2021-06-17,10,40339,57,15
E40000007,East of England,nhsRegion,2021-06-16,11,40324,52,12
E40000007,East of England,nhsRegion,2021-06-15,12,40312,47,19
E40000007,East of England,nhsRegion,2021-06-14,9,40293,51,8
E40000007,East of England,nhsRegion,2021-06-13,11,40285,52,9
E40000007,East of England,nhsRegion,2021-06-12,8,40276,55,9
E40000007,East of England,nhsRegion,2021-06-11,7,40267,49,11
E40000007,East of England,nhsRegion,2021-06-10,7,40256,55,9
E40000007,East of England,nhsRegion,2021-06-09,11,40247,57,10
E40000007,East of England,nhsRegion,2021-06-08,10,40237,68,6
E40000007,East of England,nhsRegion,2021-06-07,11,40231,62,9
E40000007,East of England,nhsRegion,2021-06-06,11,40222,63,10
E40000007,East of England,nhsRegion,2021-06-05,9,40212,57,3
E40000007,East of England,nhsRegion,2021-06-04,9,40209,53,12
E40000007,East of England,nhsRegion,2021-06-03,10,40197,49,8
E40000007,East of England,nhsRegion,2021-06-02,8,40189,49,7
E40000007,East of England,nhsRegion,2021-06-01,8,40182,49,7
E40000007,East of England,nhsRegion,2021-05-31,4,40175,51,11
E40000007,East of England,nhsRegion,2021-05-30,7,40164,51,5
E40000007,East of England,nhsRegion,2021-05-29,7,40159,48,8
E40000007,East of England,nhsRegion,2021-05-28,7,40151,37,12
E40000007,East of England,nhsRegion,2021-05-27,5,40139,32,10
E40000007,East of England,nhsRegion,2021-05-26,5,40129,38,5
E40000007,East of England,nhsRegion,2021-05-25,5,40124,39,9
E40000007,East of England,nhsRegion,2021-05-24,5,40115,43,7
E40000007,East of England,nhsRegion,2021-05-23,5,40108,40,2
E40000007,East of England,nhsRegion,2021-05-22,4,40106,39,4
E40000007,East of England,nhsRegion,2021-05-21,3,40102,40,4
E40000007,East of England,nhsRegion,2021-05-20,3,40098,44,4
E40000007,East of England,nhsRegion,2021-05-19,3,40094,43,10
E40000007,East of England,nhsRegion,2021-05-18,4,40084,47,5
E40000007,East of England,nhsRegion,2021-05-17,4,40079,56,4
E40000007,East of England,nhsRegion,2021-05-16,4,40075,59,2
E40000007,East of England,nhsRegion,2021-05-15,5,40073,59,10
E40000007,East of England,nhsRegion,2021-05-14,4,40063,60,8
E40000007,East of England,nhsRegion,2021-05-13,4,40055,63,5
E40000007,East of England,nhsRegion,2021-05-12,4,40050,66,12
E40000007,East of England,nhsRegion,2021-05-11,3,40038,67,10
E40000007,East of England,nhsRegion,2021-05-10,4,40028,72,6
E40000007,East of England,nhsRegion,2021-05-09,3,40022,69,9
E40000007,East of England,nhsRegion,2021-05-08,4,40013,71,9
E40000007,East of England,nhsRegion,2021-05-07,6,40004,70,6
E40000007,East of England,nhsRegion,2021-05-06,6,39998,83,8
E40000007,East of England,nhsRegion,2021-05-05,7,39990,90,8
E40000007,East of England,nhsRegion,2021-05-04,8,39982,92,11
E40000007,East of England,nhsRegion,2021-05-03,9,39971,89,7
E40000007,East of England,nhsRegion,2021-05-02,12,39964,97,10
E40000007,East of England,nhsRegion,2021-05-01,11,39954,101,7
E40000007,East of England,nhsRegion,2021-04-30,10,39947,121,10
E40000007,East of England,nhsRegion,2021-04-29,14,39937,127,7
E40000007,East of England,nhsRegion,2021-04-28,15,39930,128,9
E40000007,East of England,nhsRegion,2021-04-27,14,39921,140,18
E40000007,East of England,nhsRegion,2021-04-26,14,39903,143,14
E40000007,East of England,nhsRegion,2021-04-25,14,39889,141,17
E40000007,East of England,nhsRegion,2021-04-24,13,39872,138,18
E40000007,East of England,nhsRegion,2021-04-23,13,39854,162,14
E40000007,East of England,nhsRegion,2021-04-22,16,39840,170,7
E40000007,East of England,nhsRegion,2021-04-21,15,39833,178,24
E40000007,East of England,nhsRegion,2021-04-20,15,39809,181,10
E40000007,East of England,nhsRegion,2021-04-19,16,39799,176,15
E40000007,East of England,nhsRegion,2021-04-18,15,39784,167,15
E40000007,East of England,nhsRegion,2021-04-17,15,39769,171,24
E40000007,East of England,nhsRegion,2021-04-16,18,39745,182,23
E40000007,East of England,nhsRegion,2021-04-15,17,39722,168,20
E40000007,East of England,nhsRegion,2021-04-14,20,39702,181,15
E40000007,East of England,nhsRegion,2021-04-13,22,39687,183,27
E40000007,East of England,nhsRegion,2021-04-12,25,39660,189,20
E40000007,East of England,nhsRegion,2021-04-11,23,39640,178,18
E40000007,East of England,nhsRegion,2021-04-10,22,39622,182,10
E40000007,East of England,nhsRegion,2021-04-09,24,39612,194,22
E40000007,East of England,nhsRegion,2021-04-08,30,39590,189,21
E40000007,East of England,nhsRegion,2021-04-07,28,39569,200,17
E40000007,East of England,nhsRegion,2021-04-06,33,39552,198,23
E40000007,East of England,nhsRegion,2021-04-05,32,39529,200,21
E40000007,East of England,nhsRegion,2021-04-04,31,39508,203,11
E40000007,East of England,nhsRegion,2021-04-03,34,39497,190,16
E40000007,East of England,nhsRegion,2021-04-02,35,39481,196,19
E40000007,East of England,nhsRegion,2021-04-01,42,39462,212,14
E40000007,East of England,nhsRegion,2021-03-31,46,39448,237,15
E40000007,East of England,nhsRegion,2021-03-30,46,39433,260,10
E40000007,East of England,nhsRegion,2021-03-29,51,39423,279,20
E40000007,East of England,nhsRegion,2021-03-28,51,39403,279,21
E40000007,East of England,nhsRegion,2021-03-27,49,39382,290,17
E40000007,East of England,nhsRegion,2021-03-26,54,39365,306,20
E40000007,East of England,nhsRegion,2021-03-25,58,39345,345,27
E40000007,East of England,nhsRegion,2021-03-24,66,39318,362,24
E40000007,East of England,nhsRegion,2021-03-23,71,39294,382,27
E40000007,East of England,nhsRegion,2021-03-22,72,39267,414,30
E40000007,East of England,nhsRegion,2021-03-21,73,39237,408,24
E40000007,East of England,nhsRegion,2021-03-20,75,39213,421,31
E40000007,East of England,nhsRegion,2021-03-19,74,39182,449,20
E40000007,East of England,nhsRegion,2021-03-18,81,39162,466,33
E40000007,East of England,nhsRegion,2021-03-17,83,39129,497,42
E40000007,East of England,nhsRegion,2021-03-16,84,39087,532,34
E40000007,East of England,nhsRegion,2021-03-15,90,39053,566,43
E40000007,East of England,nhsRegion,2021-03-14,91,39010,562,40
E40000007,East of England,nhsRegion,2021-03-13,94,38970,575,28
E40000007,East of England,nhsRegion,2021-03-12,93,38942,588,47
E40000007,East of England,nhsRegion,2021-03-11,102,38895,607,57
E40000007,East of England,nhsRegion,2021-03-10,108,38838,669,38
E40000007,East of England,nhsRegion,2021-03-09,107,38800,709,46
E40000007,East of England,nhsRegion,2021-03-08,108,38754,781,52
E40000007,East of England,nhsRegion,2021-03-07,107,38702,756,44
E40000007,East of England,nhsRegion,2021-03-06,123,38658,786,67
E40000007,East of England,nhsRegion,2021-03-05,131,38591,864,44
E40000007,East of England,nhsRegion,2021-03-04,129,38547,927,57
E40000007,East of England,nhsRegion,2021-03-03,128,38490,964,47
E40000007,East of England,nhsRegion,2021-03-02,134,38443,1032,100
E40000007,East of England,nhsRegion,2021-03-01,136,38343,1100,77
E40000007,East of England,nhsRegion,2021-02-28,141,38266,1113,68
E40000007,East of England,nhsRegion,2021-02-27,147,38198,1163,58
E40000007,East of England,nhsRegion,2021-02-26,149,38140,1239,81
E40000007,East of England,nhsRegion,2021-02-25,149,38059,1344,68
E40000007,East of England,nhsRegion,2021-02-24,148,37991,1418,104
E40000007,East of England,nhsRegion,2021-02-23,156,37887,1474,97
E40000007,East of England,nhsRegion,2021-02-22,164,37790,1521,102
E40000007,East of England,nhsRegion,2021-02-21,169,37688,1504,132
E40000007,East of England,nhsRegion,2021-02-20,176,37556,1530,98
E40000007,East of England,nhsRegion,2021-02-19,183,37458,1536,97
E40000007,East of England,nhsRegion,2021-02-18,190,37361,1679,145
E40000007,East of England,nhsRegion,2021-02-17,198,37216,1780,131
E40000007,East of England,nhsRegion,2021-02-16,206,37085,1886,129
E40000007,East of England,nhsRegion,2021-02-15,210,36956,1959,143
E40000007,East of England,nhsRegion,2021-02-14,203,36813,1958,148
E40000007,East of England,nhsRegion,2021-02-13,205,36665,2014,142
E40000007,East of England,nhsRegion,2021-02-12,213,36523,2140,142
E40000007,East of England,nhsRegion,2021-02-11,221,36381,2262,173
E40000007,East of England,nhsRegion,2021-02-10,245,36208,2437,179
E40000007,East of England,nhsRegion,2021-02-09,228,36029,2591,168
E40000007,East of England,nhsRegion,2021-02-08,239,35861,2714,186
E40000007,East of England,nhsRegion,2021-02-07,248,35675,2753,217
E40000007,East of England,nhsRegion,2021-02-06,251,35458,2711,213
E40000007,East of England,nhsRegion,2021-02-05,276,35245,2909,212
E40000007,East of England,nhsRegion,2021-02-04,290,35033,3052,229
E40000007,East of England,nhsRegion,2021-02-03,292,34804,3101,242
E40000007,East of England,nhsRegion,2021-02-02,292,34562,3060,258
E40000007,East of England,nhsRegion,2021-02-01,329,34304,3385,247
E40000007,East of England,nhsRegion,2021-01-31,346,34057,3393,268
E40000007,East of England,nhsRegion,2021-01-30,322,33789,3297,270
E40000007,East of England,nhsRegion,2021-01-29,351,33519,3542,290
E40000007,East of England,nhsRegion,2021-01-28,352,33229,3689,344
E40000007,East of England,nhsRegion,2021-01-27,373,32885,3811,335
E40000007,East of England,nhsRegion,2021-01-26,372,32550,3924,338
E40000007,East of England,nhsRegion,2021-01-25,378,32212,4044,346
E40000007,East of England,nhsRegion,2021-01-24,378,31866,4009,328
E40000007,East of England,nhsRegion,2021-01-23,365,31538,3921,359
E40000007,East of England,nhsRegion,2021-01-22,368,31179,4055,407
E40000007,East of England,nhsRegion,2021-01-21,354,30772,4078,392
E40000007,East of England,nhsRegion,2021-01-20,334,30380,4068,446
E40000007,East of England,nhsRegion,2021-01-19,355,29934,3996,404
E40000007,East of England,nhsRegion,2021-01-18,357,29530,4244,461
E40000007,East of England,nhsRegion,2021-01-17,371,29069,4177,402
E40000007,East of England,nhsRegion,2021-01-16,372,28667,4121,418
E40000007,East of England,nhsRegion,2021-01-15,381,28249,4266,360
E40000007,East of England,nhsRegion,2021-01-14,374,27889,4303,442
E40000007,East of England,nhsRegion,2021-01-13,369,27447,4306,456
E40000007,East of England,nhsRegion,2021-01-12,370,26991,4260,518
E40000007,East of England,nhsRegion,2021-01-11,364,26473,4219,462
E40000007,East of England,nhsRegion,2021-01-10,347,26011,4112,473
E40000007,East of England,nhsRegion,2021-01-09,333,25538,4012,462
E40000007,East of England,nhsRegion,2021-01-08,309,25076,4013,425
E40000007,East of England,nhsRegion,2021-01-07,313,24651,3887,524
E40000007,East of England,nhsRegion,2021-01-06,291,24127,3802,523
E40000007,East of England,nhsRegion,2021-01-05,241,23604,3520,500
E40000007,East of England,nhsRegion,2021-01-04,261,23104,3623,479
E40000007,East of England,nhsRegion,2021-01-03,221,22625,3395,438
E40000007,East of England,nhsRegion,2021-01-02,208,22187,3236,453
E40000007,East of England,nhsRegion,2021-01-01,199,21734,2910,386
E40000007,East of England,nhsRegion,2020-12-31,187,21348,2788,340
E40000007,East of England,nhsRegion,2020-12-30,197,21008,3111,332
E40000007,East of England,nhsRegion,2020-12-29,175,20676,2922,373
E40000007,East of England,nhsRegion,2020-12-28,156,20303,2524,393
E40000007,East of England,nhsRegion,2020-12-27,146,19910,2375,382
E40000007,East of England,nhsRegion,2020-12-26,130,19528,2269,254
E40000007,East of England,nhsRegion,2020-12-25,130,19274,2162,242
E40000007,East of England,nhsRegion,2020-12-24,127,19032,2186,243
E40000007,East of England,nhsRegion,2020-12-23,120,18789,2085,264
E40000007,East of England,nhsRegion,2020-12-22,127,18525,2205,308
E40000007,East of England,nhsRegion,2020-12-21,120,18217,2163,259
E40000007,East of England,nhsRegion,2020-12-20,121,17958,1954,269
E40000007,East of England,nhsRegion,2020-12-19,124,17689,1943,233
E40000007,East of England,nhsRegion,2020-12-18,116,17456,1802,192
E40000007,East of England,nhsRegion,2020-12-17,113,17264,1770,245
E40000007,East of England,nhsRegion,2020-12-16,108,17019,1734,235
E40000007,East of England,nhsRegion,2020-12-15,103,16784,1502,198
E40000007,East of England,nhsRegion,2020-12-14,103,16586,1506,274
E40000007,East of England,nhsRegion,2020-12-13,99,16312,1432,159
E40000007,East of England,nhsRegion,2020-12-12,93,16153,1407,183
E40000007,East of England,nhsRegion,2020-12-11,95,15970,1327,134
E40000007,East of England,nhsRegion,2020-12-10,94,15836,1301,136
E40000007,East of England,nhsRegion,2020-12-09,89,15700,1194,163
E40000007,East of England,nhsRegion,2020-12-08,86,15537,1155,211
E40000007,East of England,nhsRegion,2020-12-07,88,15326,1149,167
E40000007,East of England,nhsRegion,2020-12-06,84,15159,1108,114
E40000007,East of England,nhsRegion,2020-12-05,87,15045,1064,115
E40000007,East of England,nhsRegion,2020-12-04,83,14930,1072,106
E40000007,East of England,nhsRegion,2020-12-03,81,14824,1035,124
E40000007,East of England,nhsRegion,2020-12-02,81,14700,1014,109
E40000007,East of England,nhsRegion,2020-12-01,86,14591,997,122
E40000007,East of England,nhsRegion,2020-11-30,86,14469,991,130
E40000007,East of England,nhsRegion,2020-11-29,91,14339,948,87
E40000007,East of England,nhsRegion,2020-11-28,86,14252,961,87
E40000007,East of England,nhsRegion,2020-11-27,82,14165,969,64
E40000007,East of England,nhsRegion,2020-11-26,86,14101,969,85
E40000007,East of England,nhsRegion,2020-11-25,79,14016,957,99
E40000007,East of England,nhsRegion,2020-11-24,83,13917,977,103
E40000007,East of England,nhsRegion,2020-11-23,88,13814,956,96
E40000007,East of England,nhsRegion,2020-11-22,77,13718,902,131
E40000007,East of England,nhsRegion,2020-11-21,82,13587,904,73
E40000007,East of England,nhsRegion,2020-11-20,73,13514,895,105
E40000007,East of England,nhsRegion,2020-11-19,79,13409,889,93
E40000007,East of England,nhsRegion,2020-11-18,78,13316,881,109
E40000007,East of England,nhsRegion,2020-11-17,77,13207,891,100
E40000007,East of England,nhsRegion,2020-11-16,79,13107,856,82
E40000007,East of England,nhsRegion,2020-11-15,73,13025,820,109
E40000007,East of England,nhsRegion,2020-11-14,69,12916,783,87
E40000007,East of England,nhsRegion,2020-11-13,71,12829,767,83
E40000007,East of England,nhsRegion,2020-11-12,73,12746,718,127
E40000007,East of England,nhsRegion,2020-11-11,74,12619,709,102
E40000007,East of England,nhsRegion,2020-11-10,72,12517,672,103
E40000007,East of England,nhsRegion,2020-11-09,68,12414,650,103
E40000007,East of England,nhsRegion,2020-11-08,64,12311,636,70
E40000007,East of England,nhsRegion,2020-11-07,62,12241,608,58
E40000007,East of England,nhsRegion,2020-11-06,61,12183,620,61
E40000007,East of England,nhsRegion,2020-11-05,60,12122,611,67
E40000007,East of England,nhsRegion,2020-11-04,65,12055,595,87
E40000007,East of England,nhsRegion,2020-11-03,63,11968,598,76
E40000007,East of England,nhsRegion,2020-11-02,54,11892,555,55
E40000007,East of England,nhsRegion,2020-11-01,50,11837,527,67
E40000007,East of England,nhsRegion,2020-10-31,51,11770,505,56
E40000007,East of England,nhsRegion,2020-10-30,49,11714,501,67
E40000007,East of England,nhsRegion,2020-10-29,49,11647,476,68
E40000007,East of England,nhsRegion,2020-10-28,42,11579,474,68
E40000007,East of England,nhsRegion,2020-10-27,41,11511,454,51
E40000007,East of England,nhsRegion,2020-10-26,34,11460,419,55
E40000007,East of England,nhsRegion,2020-10-25,30,11405,406,62
E40000007,East of England,nhsRegion,2020-10-24,29,11343,356,42
E40000007,East of England,nhsRegion,2020-10-23,28,11301,343,56
E40000007,East of England,nhsRegion,2020-10-22,25,11245,334,51
E40000007,East of England,nhsRegion,2020-10-21,28,11194,314,50
E40000007,East of England,nhsRegion,2020-10-20,25,11144,295,33
E40000007,East of England,nhsRegion,2020-10-19,21,11111,277,43
E40000007,East of England,nhsRegion,2020-10-18,23,11068,241,41
E40000007,East of England,nhsRegion,2020-10-17,21,11027,241,37
E40000007,East of England,nhsRegion,2020-10-16,19,10990,223,23
E40000007,East of England,nhsRegion,2020-10-15,18,10967,217,41
E40000007,East of England,nhsRegion,2020-10-14,19,10926,183,27
E40000007,East of England,nhsRegion,2020-10-13,20,10899,166,32
E40000007,East of England,nhsRegion,2020-10-12,16,10867,149,24
E40000007,East of England,nhsRegion,2020-10-11,16,10843,140,27
E40000007,East of England,nhsRegion,2020-10-10,17,10816,135,16
E40000007,East of England,nhsRegion,2020-10-09,15,10800,135,19
E40000007,East of England,nhsRegion,2020-10-08,12,10781,119,23
E40000007,East of England,nhsRegion,2020-10-07,13,10758,128,17
E40000007,East of England,nhsRegion,2020-10-06,12,10741,119,11
E40000007,East of England,nhsRegion,2020-10-05,13,10730,115,23
E40000007,East of England,nhsRegion,2020-10-04,14,10707,98,16
E40000007,East of England,nhsRegion,2020-10-03,13,10691,101,19
E40000007,East of England,nhsRegion,2020-10-02,14,10672,93,19
E40000007,East of England,nhsRegion,2020-10-01,12,10653,79,11
E40000007,East of England,nhsRegion,2020-09-30,13,10642,86,18
E40000007,East of England,nhsRegion,2020-09-29,12,10624,89,10
E40000007,East of England,nhsRegion,2020-09-28,9,10614,76,13
E40000007,East of England,nhsRegion,2020-09-27,6,10601,64,15
E40000007,East of England,nhsRegion,2020-09-26,5,10586,52,12
E40000007,East of England,nhsRegion,2020-09-25,3,10574,45,16
E40000007,East of England,nhsRegion,2020-09-24,4,10558,41,13
E40000007,East of England,nhsRegion,2020-09-23,2,10545,37,7
E40000007,East of England,nhsRegion,2020-09-22,3,10538,42,11
E40000007,East of England,nhsRegion,2020-09-21,3,10527,41,7
E40000007,East of England,nhsRegion,2020-09-20,2,10520,38,6
E40000007,East of England,nhsRegion,2020-09-19,3,10514,39,4
E40000007,East of England,nhsRegion,2020-09-18,2,10510,37,4
E40000007,East of England,nhsRegion,2020-09-17,3,10506,42,6
E40000007,East of England,nhsRegion,2020-09-16,3,10500,40,8
E40000007,East of England,nhsRegion,2020-09-15,3,10492,35,13
E40000007,East of England,nhsRegion,2020-09-14,3,10479,25,11
E40000007,East of England,nhsRegion,2020-09-13,2,10468,21,4
E40000007,East of England,nhsRegion,2020-09-12,2,10464,20,11
E40000007,East of England,nhsRegion,2020-09-11,67,10453,15,6
E40000007,East of England,nhsRegion,2020-09-10,2,10447,27,5
E40000007,East of England,nhsRegion,2020-09-09,4,10442,31,5
E40000007,East of England,nhsRegion,2020-09-08,1,10437,25,2
E40000007,East of England,nhsRegion,2020-09-07,1,10435,27,5
E40000007,East of England,nhsRegion,2020-09-06,1,10430,27,1
E40000007,East of England,nhsRegion,2020-09-05,1,10429,25,6
E40000007,East of England,nhsRegion,2020-09-04,1,10423,30,2
E40000007,East of England,nhsRegion,2020-09-03,3,10421,31,5
E40000007,East of England,nhsRegion,2020-09-02,3,10416,31,8
E40000007,East of England,nhsRegion,2020-09-01,3,10408,31,2
E40000007,East of England,nhsRegion,2020-08-31,3,10406,31,0
E40000007,East of England,nhsRegion,2020-08-30,3,10406,30,1
E40000007,East of England,nhsRegion,2020-08-29,4,10405,30,5
E40000007,East of England,nhsRegion,2020-08-28,4,10400,30,3
E40000007,East of England,nhsRegion,2020-08-27,5,10397,29,3
E40000007,East of England,nhsRegion,2020-08-26,5,10394,37,4
E40000007,East of England,nhsRegion,2020-08-25,5,10390,28,8
E40000007,East of England,nhsRegion,2020-08-24,5,10382,35,0
E40000007,East of England,nhsRegion,2020-08-23,5,10382,31,2
E40000007,East of England,nhsRegion,2020-08-22,7,10380,34,2
E40000007,East of England,nhsRegion,2020-08-21,6,10378,40,3
E40000007,East of England,nhsRegion,2020-08-20,6,10375,47,2
E40000007,East of England,nhsRegion,2020-08-19,6,10373,49,4
E40000007,East of England,nhsRegion,2020-08-18,6,10369,47,4
E40000007,East of England,nhsRegion,2020-08-17,8,10365,57,5
E40000007,East of England,nhsRegion,2020-08-16,7,10360,54,4
E40000007,East of England,nhsRegion,2020-08-15,8,10356,60,2
E40000007,East of England,nhsRegion,2020-08-14,6,10354,52,8
E40000007,East of England,nhsRegion,2020-08-13,9,10346,57,6
E40000007,East of England,nhsRegion,2020-08-12,8,10340,56,1
E40000007,East of England,nhsRegion,2020-08-11,8,10339,61,7
E40000007,East of England,nhsRegion,2020-08-10,8,10332,63,8
E40000007,East of England,nhsRegion,2020-08-09,9,10324,59,3
E40000007,East of England,nhsRegion,2020-08-08,11,10321,59,6
E40000007,East of England,nhsRegion,2020-08-07,9,10315,60,10
E40000007,East of England,nhsRegion,2020-08-06,9,10305,72,4
E40000007,East of England,nhsRegion,2020-08-05,8,10301,70,5
E40000007,East of England,nhsRegion,2020-08-04,8,10296,69,5
E40000007,East of England,nhsRegion,2020-08-03,8,10291,73,7
E40000007,East of England,nhsRegion,2020-08-02,9,10284,80,7
E40000007,East of England,nhsRegion,2020-08-01,9,10277,85,2
E40000007,East of England,nhsRegion,2020-07-31,8,10275,77,5
E40000007,East of England,nhsRegion,2020-07-30,8,10270,82,8
E40000007,East of England,nhsRegion,2020-07-29,9,10262,92,8
E40000007,East of England,nhsRegion,2020-07-28,10,10254,94,9
E40000007,East of England,nhsRegion,2020-07-27,9,10245,100,18
E40000007,East of England,nhsRegion,2020-07-26,10,10227,105,7
E40000007,East of England,nhsRegion,2020-07-25,11,10220,91,16
E40000007,East of England,nhsRegion,2020-07-24,12,10204,105,12
E40000007,East of England,nhsRegion,2020-07-23,12,10192,100,24
E40000007,East of England,nhsRegion,2020-07-22,14,10168,116,13
E40000007,East of England,nhsRegion,2020-07-21,13,10155,113,7
E40000007,East of England,nhsRegion,2020-07-20,14,10148,143,8
E40000007,East of England,nhsRegion,2020-07-19,15,10140,143,6
E40000007,East of England,nhsRegion,2020-07-18,17,10134,144,8
E40000007,East of England,nhsRegion,2020-07-17,16,10126,142,10
E40000007,East of England,nhsRegion,2020-07-16,16,10116,126,17
E40000007,East of England,nhsRegion,2020-07-15,26,10099,169,19
E40000007,East of England,nhsRegion,2020-07-14,16,10080,162,17
E40000007,East of England,nhsRegion,2020-07-13,20,10063,176,19
E40000007,East of England,nhsRegion,2020-07-12,19,10044,171,11
E40000007,East of England,nhsRegion,2020-07-11,24,10033,171,12
E40000007,East of England,nhsRegion,2020-07-10,27,10021,199,9
E40000007,East of England,nhsRegion,2020-07-09,24,10012,212,8
E40000007,East of England,nhsRegion,2020-07-08,24,10004,222,16
E40000007,East of England,nhsRegion,2020-07-07,24,9988,224,18
E40000007,East of England,nhsRegion,2020-07-06,27,9970,227,22
E40000007,East of England,nhsRegion,2020-07-05,28,9948,224,24
E40000007,East of England,nhsRegion,2020-07-04,24,9924,220,17
E40000007,East of England,nhsRegion,2020-07-03,25,9907,242,9
E40000007,East of England,nhsRegion,2020-07-02,23,9898,231,22
E40000007,East of England,nhsRegion,2020-07-01,23,9876,248,20
E40000007,East of England,nhsRegion,2020-06-30,24,9856,264,20
E40000007,East of England,nhsRegion,2020-06-29,25,9836,291,21
E40000007,East of England,nhsRegion,2020-06-28,24,9815,288,9
E40000007,East of England,nhsRegion,2020-06-27,24,9806,289,15
E40000007,East of England,nhsRegion,2020-06-26,24,9791,313,32
E40000007,East of England,nhsRegion,2020-06-25,27,9759,327,42
E40000007,East of England,nhsRegion,2020-06-24,28,9717,346,20
E40000007,East of England,nhsRegion,2020-06-23,28,9697,335,21
E40000007,East of England,nhsRegion,2020-06-22,57,9676,369,43
E40000007,East of England,nhsRegion,2020-06-21,29,9633,348,22
E40000007,East of England,nhsRegion,2020-06-20,31,9611,352,19
E40000007,East of England,nhsRegion,2020-06-19,34,9592,393,28
E40000007,East of England,nhsRegion,2020-06-18,35,9564,363,38
E40000007,East of England,nhsRegion,2020-06-17,39,9526,387,43
E40000007,East of England,nhsRegion,2020-06-16,42,9483,363,33
E40000007,East of England,nhsRegion,2020-06-15,39,9450,318,57
E40000007,East of England,nhsRegion,2020-06-14,45,9393,348,38
E40000007,East of England,nhsRegion,2020-06-13,45,9355,364,32
E40000007,East of England,nhsRegion,2020-06-12,41,9323,364,30
E40000007,East of England,nhsRegion,2020-06-11,43,9293,376,42
E40000007,East of England,nhsRegion,2020-06-10,48,9251,390,39
E40000007,East of England,nhsRegion,2020-06-09,42,9212,405,44
E40000007,East of England,nhsRegion,2020-06-08,45,9168,457,28
E40000007,East of England,nhsRegion,2020-06-07,40,9140,453,32
E40000007,East of England,nhsRegion,2020-06-06,46,9108,503,30
E40000007,East of England,nhsRegion,2020-06-05,49,9078,490,44
E40000007,East of England,nhsRegion,2020-06-04,54,9034,503,58
E40000007,East of England,nhsRegion,2020-06-03,60,8976,547,46
E40000007,East of England,nhsRegion,2020-06-02,61,8930,574,60
E40000007,East of England,nhsRegion,2020-06-01,64,8870,614,58
E40000007,East of England,nhsRegion,2020-05-31,63,8812,597,29
E40000007,East of England,nhsRegion,2020-05-30,65,8783,622,43
E40000007,East of England,nhsRegion,2020-05-29,68,8740,603,54
E40000007,East of England,nhsRegion,2020-05-28,78,8686,701,53
E40000007,East of England,nhsRegion,2020-05-27,85,8633,737,57
E40000007,East of England,nhsRegion,2020-05-26,86,8576,755,85
E40000007,East of England,nhsRegion,2020-05-25,92,8491,798,51
E40000007,East of England,nhsRegion,2020-05-24,88,8440,795,52
E40000007,East of England,nhsRegion,2020-05-23,98,8388,816,39
E40000007,East of England,nhsRegion,2020-05-22,104,8349,831,79
E40000007,East of England,nhsRegion,2020-05-21,109,8270,866,77
E40000007,East of England,nhsRegion,2020-05-20,113,8193,888,93
E40000007,East of England,nhsRegion,2020-05-19,122,8100,913,86
E40000007,East of England,nhsRegion,2020-05-18,121,8014,924,81
E40000007,East of England,nhsRegion,2020-05-17,125,7933,934,85
E40000007,East of England,nhsRegion,2020-05-16,125,7848,916,72
E40000007,East of England,nhsRegion,2020-05-15,127,7776,952,92
E40000007,East of England,nhsRegion,2020-05-14,125,7684,979,88
E40000007,East of England,nhsRegion,2020-05-13,129,7596,1014,72
E40000007,East of England,nhsRegion,2020-05-12,134,7524,1049,116
E40000007,East of England,nhsRegion,2020-05-11,137,7408,1069,88
E40000007,East of England,nhsRegion,2020-05-10,142,7320,1076,71
E40000007,East of England,nhsRegion,2020-05-09,144,7249,1032,101
E40000007,East of England,nhsRegion,2020-05-08,142,7148,1022,70
E40000007,East of England,nhsRegion,2020-05-07,152,7078,1084,116
E40000007,East of England,nhsRegion,2020-05-06,171,6962,1106,128
E40000007,East of England,nhsRegion,2020-05-05,176,6834,1160,90
E40000007,East of England,nhsRegion,2020-05-04,176,6744,1138,106
E40000007,East of England,nhsRegion,2020-05-03,179,6638,1223,166
E40000007,East of England,nhsRegion,2020-05-02,183,6472,1190,111
E40000007,East of England,nhsRegion,2020-05-01,193,6361,1211,127
E40000007,East of England,nhsRegion,2020-04-30,202,6234,1253,198
E40000007,East of England,nhsRegion,2020-04-29,210,6036,1319,157
E40000007,East of England,nhsRegion,2020-04-28,223,5879,1389,184
E40000007,East of England,nhsRegion,2020-04-27,231,5695,1413,127
E40000007,East of England,nhsRegion,2020-04-26,253,5568,1422,148
E40000007,East of England,nhsRegion,2020-04-25,260,5420,1384,128
E40000007,East of England,nhsRegion,2020-04-24,263,5292,1404,141
E40000007,East of England,nhsRegion,2020-04-23,267,5151,1472,128
E40000007,East of England,nhsRegion,2020-04-22,276,5023,1511,120
E40000007,East of England,nhsRegion,2020-04-21,279,4903,1544,148
E40000007,East of England,nhsRegion,2020-04-20,294,4755,1587,126
E40000007,East of England,nhsRegion,2020-04-19,306,4629,1579,148
E40000007,East of England,nhsRegion,2020-04-18,312,4481,1529,191
E40000007,East of England,nhsRegion,2020-04-17,320,4290,1534,154
E40000007,East of England,nhsRegion,2020-04-16,308,4136,1577,133
E40000007,East of England,nhsRegion,2020-04-15,308,4003,1621,113
E40000007,East of England,nhsRegion,2020-04-14,303,3890,1592,187
E40000007,East of England,nhsRegion,2020-04-13,264,3703,1471,214
E40000007,East of England,nhsRegion,2020-04-12,291,3489,1679,144
E40000007,East of England,nhsRegion,2020-04-11,283,3345,1497,165
E40000007,East of England,nhsRegion,2020-04-10,280,3180,1500,215
E40000007,East of England,nhsRegion,2020-04-09,265,2965,1411,192
E40000007,East of England,nhsRegion,2020-04-08,276,2773,1435,219
E40000007,East of England,nhsRegion,2020-04-07,255,2554,1431,164
E40000007,East of England,nhsRegion,2020-04-06,204,2390,1220,231
E40000007,East of England,nhsRegion,2020-04-05,219,2159,1230,220
E40000007,East of England,nhsRegion,2020-04-04,171,1939,988,163
E40000007,East of England,nhsRegion,2020-04-03,162,1776,914,192
E40000007,East of England,nhsRegion,2020-04-02,119,1584,841,184
E40000007,East of England,nhsRegion,2020-04-01,,1400,833,167
E40000007,East of England,nhsRegion,2020-03-31,,1233,793,146
E40000007,East of England,nhsRegion,2020-03-30,,1087,628,148
E40000007,East of England,nhsRegion,2020-03-29,,939,482,201
E40000007,East of England,nhsRegion,2020-03-28,,738,429,124
E40000007,East of England,nhsRegion,2020-03-27,,614,341,94
E40000007,East of England,nhsRegion,2020-03-26,,520,295,160
E40000007,East of England,nhsRegion,2020-03-25,,360,196,76
E40000007,East of England,nhsRegion,2020-03-24,,284,154,106
E40000007,East of England,nhsRegion,2020-03-23,,178,133,46
E40000007,East of England,nhsRegion,2020-03-22,,132,95,49
E40000007,East of England,nhsRegion,2020-03-21,,83,74,37
E40000007,East of England,nhsRegion,2020-03-20,,46,59,23
E40000007,East of England,nhsRegion,2020-03-19,,23,,23
